source_id,series,location,timestamp_utc,value,unit,kind,is_synthetic,quality_flags,raw_ref
NP6-345-CD,load_mw_coast,COAST,2024-07-15 06:00:00+00:00,12666.8,MW,actual,True,[],SYNTHETIC-STRESS-001
NP6-345-CD,load_mw_east,EAST,2024-07-15 06:00:00+00:00,3619.1,MW,actual,True,[],SYNTHETIC-STRESS-001
NP6-345-CD,load_mw_far_west,FAR_WEST,2024-07-15 06:00:00+00:00,1809.5,MW,actual,True,[],SYNTHETIC-STRESS-001
NP6-345-CD,load_mw_north,NORTH,2024-07-15 06:00:00+00:00,2714.3,MW,actual,True,[],SYNTHETIC-STRESS-001
NP6-345-CD,load_mw_north_c,NORTH_C,2024-07-15 06:00:00+00:00,9952.5,MW,actual,True,[],SYNTHETIC-STRESS-001
NP6-345-CD,load_mw_southern,SOUTHERN,2024-07-15 06:00:00+00:00,3166.7,MW,actual,True,[],SYNTHETIC-STRESS-001
NP6-345-CD,load_mw_south_c,SOUTH_C,2024-07-15 06:00:00+00:00,8142.9,MW,actual,True,[],SYNTHETIC-STRESS-001
NP6-345-CD,load_mw_west,WEST,2024-07-15 06:00:00+00:00,3166.7,MW,actual,True,[],SYNTHETIC-STRESS-001
NP6-345-CD,load_mw_total,TOTAL,2024-07-15 06:00:00+00:00,45238.5,MW,actual,True,[],SYNTHETIC-STRESS-001
NP6-345-CD,load_mw_coast,COAST,2024-07-15 07:00:00+00:00,12862.6,MW,actual,True,[],SYNTHETIC-STRESS-001
NP6-345-CD,load_mw_east,EAST,2024-07-15 07:00:00+00:00,3675.0,MW,actual,True,[],SYNTHETIC-STRESS-001
NP6-345-CD,load_mw_far_west,FAR_WEST,2024-07-15 07:00:00+00:00,1837.5,MW,actual,True,[],SYNTHETIC-STRESS-001
NP6-345-CD,load_mw_north,NORTH,2024-07-15 07:00:00+00:00,2756.3,MW,actual,True,[],SYNTHETIC-STRESS-001
NP6-345-CD,load_mw_north_c,NORTH_C,2024-07-15 07:00:00+00:00,10106.3,MW,actual,True,[],SYNTHETIC-STRESS-001
NP6-345-CD,load_mw_southern,SOUTHERN,2024-07-15 07:00:00+00:00,3215.6,MW,actual,True,[],SYNTHETIC-STRESS-001
NP6-345-CD,load_mw_south_c,SOUTH_C,2024-07-15 07:00:00+00:00,8268.8,MW,actual,True,[],SYNTHETIC-STRESS-001
NP6-345-CD,load_mw_west,WEST,2024-07-15 07:00:00+00:00,3215.6,MW,actual,True,[],SYNTHETIC-STRESS-001
NP6-345-CD,load_mw_total,TOTAL,2024-07-15 07:00:00+00:00,45937.8,MW,actual,True,[],SYNTHETIC-STRESS-001
NP6-345-CD,load_mw_coast,COAST,2024-07-15 08:00:00+00:00,13174.1,MW,actual,True,[],SYNTHETIC-STRESS-001
NP6-345-CD,load_mw_east,EAST,2024-07-15 08:00:00+00:00,3764.0,MW,actual,True,[],SYNTHETIC-STRESS-001
NP6-345-CD,load_mw_far_west,FAR_WEST,2024-07-15 08:00:00+00:00,1882.0,MW,actual,True,[],SYNTHETIC-STRESS-001
NP6-345-CD,load_mw_north,NORTH,2024-07-15 08:00:00+00:00,2823.0,MW,actual,True,[],SYNTHETIC-STRESS-001
NP6-345-CD,load_mw_north_c,NORTH_C,2024-07-15 08:00:00+00:00,10351.1,MW,actual,True,[],SYNTHETIC-STRESS-001
NP6-345-CD,load_mw_southern,SOUTHERN,2024-07-15 08:00:00+00:00,3293.5,MW,actual,True,[],SYNTHETIC-STRESS-001
NP6-345-CD,load_mw_south_c,SOUTH_C,2024-07-15 08:00:00+00:00,8469.1,MW,actual,True,[],SYNTHETIC-STRESS-001
NP6-345-CD,load_mw_west,WEST,2024-07-15 08:00:00+00:00,3293.5,MW,actual,True,[],SYNTHETIC-STRESS-001
NP6-345-CD,load_mw_total,TOTAL,2024-07-15 08:00:00+00:00,47050.3,MW,actual,True,[],SYNTHETIC-STRESS-001
NP6-345-CD,load_mw_coast,COAST,2024-07-15 09:00:00+00:00,13580.0,MW,actual,True,[],SYNTHETIC-STRESS-001
NP6-345-CD,load_mw_east,EAST,2024-07-15 09:00:00+00:00,3880.0,MW,actual,True,[],SYNTHETIC-STRESS-001
NP6-345-CD,load_mw_far_west,FAR_WEST,2024-07-15 09:00:00+00:00,1940.0,MW,actual,True,[],SYNTHETIC-STRESS-001
NP6-345-CD,load_mw_north,NORTH,2024-07-15 09:00:00+00:00,2910.0,MW,actual,True,[],SYNTHETIC-STRESS-001
NP6-345-CD,load_mw_north_c,NORTH_C,2024-07-15 09:00:00+00:00,10670.0,MW,actual,True,[],SYNTHETIC-STRESS-001
NP6-345-CD,load_mw_southern,SOUTHERN,2024-07-15 09:00:00+00:00,3395.0,MW,actual,True,[],SYNTHETIC-STRESS-001
NP6-345-CD,load_mw_south_c,SOUTH_C,2024-07-15 09:00:00+00:00,8730.0,MW,actual,True,[],SYNTHETIC-STRESS-001
NP6-345-CD,load_mw_west,WEST,2024-07-15 09:00:00+00:00,3395.0,MW,actual,True,[],SYNTHETIC-STRESS-001
NP6-345-CD,load_mw_total,TOTAL,2024-07-15 09:00:00+00:00,48500.0,MW,actual,True,[],SYNTHETIC-STRESS-001
NP6-345-CD,load_mw_coast,COAST,2024-07-15 10:00:00+00:00,14052.7,MW,actual,True,[],SYNTHETIC-STRESS-001
NP6-345-CD,load_mw_east,EAST,2024-07-15 10:00:00+00:00,4015.1,MW,actual,True,[],SYNTHETIC-STRESS-001
NP6-345-CD,load_mw_far_west,FAR_WEST,2024-07-15 10:00:00+00:00,2007.5,MW,actual,True,[],SYNTHETIC-STRESS-001
NP6-345-CD,load_mw_north,NORTH,2024-07-15 10:00:00+00:00,3011.3,MW,actual,True,[],SYNTHETIC-STRESS-001
NP6-345-CD,load_mw_north_c,NORTH_C,2024-07-15 10:00:00+00:00,11041.4,MW,actual,True,[],SYNTHETIC-STRESS-001
NP6-345-CD,load_mw_southern,SOUTHERN,2024-07-15 10:00:00+00:00,3513.2,MW,actual,True,[],SYNTHETIC-STRESS-001
NP6-345-CD,load_mw_south_c,SOUTH_C,2024-07-15 10:00:00+00:00,9033.9,MW,actual,True,[],SYNTHETIC-STRESS-001
NP6-345-CD,load_mw_west,WEST,2024-07-15 10:00:00+00:00,3513.2,MW,actual,True,[],SYNTHETIC-STRESS-001
NP6-345-CD,load_mw_total,TOTAL,2024-07-15 10:00:00+00:00,50188.3,MW,actual,True,[],SYNTHETIC-STRESS-001
NP6-345-CD,load_mw_coast,COAST,2024-07-15 11:00:00+00:00,14560.0,MW,actual,True,[],SYNTHETIC-STRESS-001
NP6-345-CD,load_mw_east,EAST,2024-07-15 11:00:00+00:00,4160.0,MW,actual,True,[],SYNTHETIC-STRESS-001
NP6-345-CD,load_mw_far_west,FAR_WEST,2024-07-15 11:00:00+00:00,2080.0,MW,actual,True,[],SYNTHETIC-STRESS-001
NP6-345-CD,load_mw_north,NORTH,2024-07-15 11:00:00+00:00,3120.0,MW,actual,True,[],SYNTHETIC-STRESS-001
NP6-345-CD,load_mw_north_c,NORTH_C,2024-07-15 11:00:00+00:00,11440.0,MW,actual,True,[],SYNTHETIC-STRESS-001
NP6-345-CD,load_mw_southern,SOUTHERN,2024-07-15 11:00:00+00:00,3640.0,MW,actual,True,[],SYNTHETIC-STRESS-001
NP6-345-CD,load_mw_south_c,SOUTH_C,2024-07-15 11:00:00+00:00,9360.0,MW,actual,True,[],SYNTHETIC-STRESS-001
NP6-345-CD,load_mw_west,WEST,2024-07-15 11:00:00+00:00,3640.0,MW,actual,True,[],SYNTHETIC-STRESS-001
NP6-345-CD,load_mw_total,TOTAL,2024-07-15 11:00:00+00:00,52000.0,MW,actual,True,[],SYNTHETIC-STRESS-001
NP6-345-CD,load_mw_coast,COAST,2024-07-15 12:00:00+00:00,15067.3,MW,actual,True,[],SYNTHETIC-STRESS-001
NP6-345-CD,load_mw_east,EAST,2024-07-15 12:00:00+00:00,4304.9,MW,actual,True,[],SYNTHETIC-STRESS-001
NP6-345-CD,load_mw_far_west,FAR_WEST,2024-07-15 12:00:00+00:00,2152.5,MW,actual,True,[],SYNTHETIC-STRESS-001
NP6-345-CD,load_mw_north,NORTH,2024-07-15 12:00:00+00:00,3228.7,MW,actual,True,[],SYNTHETIC-STRESS-001
NP6-345-CD,load_mw_north_c,NORTH_C,2024-07-15 12:00:00+00:00,11838.6,MW,actual,True,[],SYNTHETIC-STRESS-001
NP6-345-CD,load_mw_southern,SOUTHERN,2024-07-15 12:00:00+00:00,3766.8,MW,actual,True,[],SYNTHETIC-STRESS-001
NP6-345-CD,load_mw_south_c,SOUTH_C,2024-07-15 12:00:00+00:00,9686.1,MW,actual,True,[],SYNTHETIC-STRESS-001
NP6-345-CD,load_mw_west,WEST,2024-07-15 12:00:00+00:00,3766.8,MW,actual,True,[],SYNTHETIC-STRESS-001
NP6-345-CD,load_mw_total,TOTAL,2024-07-15 12:00:00+00:00,53811.7,MW,actual,True,[],SYNTHETIC-STRESS-001
NP6-345-CD,load_mw_coast,COAST,2024-07-15 13:00:00+00:00,15540.0,MW,actual,True,[],SYNTHETIC-STRESS-001
NP6-345-CD,load_mw_east,EAST,2024-07-15 13:00:00+00:00,4440.0,MW,actual,True,[],SYNTHETIC-STRESS-001
NP6-345-CD,load_mw_far_west,FAR_WEST,2024-07-15 13:00:00+00:00,2220.0,MW,actual,True,[],SYNTHETIC-STRESS-001
NP6-345-CD,load_mw_north,NORTH,2024-07-15 13:00:00+00:00,3330.0,MW,actual,True,[],SYNTHETIC-STRESS-001
NP6-345-CD,load_mw_north_c,NORTH_C,2024-07-15 13:00:00+00:00,12210.0,MW,actual,True,[],SYNTHETIC-STRESS-001
NP6-345-CD,load_mw_southern,SOUTHERN,2024-07-15 13:00:00+00:00,3885.0,MW,actual,True,[],SYNTHETIC-STRESS-001
NP6-345-CD,load_mw_south_c,SOUTH_C,2024-07-15 13:00:00+00:00,9990.0,MW,actual,True,[],SYNTHETIC-STRESS-001
NP6-345-CD,load_mw_west,WEST,2024-07-15 13:00:00+00:00,3885.0,MW,actual,True,[],SYNTHETIC-STRESS-001
NP6-345-CD,load_mw_total,TOTAL,2024-07-15 13:00:00+00:00,55500.0,MW,actual,True,[],SYNTHETIC-STRESS-001
NP6-345-CD,load_mw_coast,COAST,2024-07-15 14:00:00+00:00,15945.9,MW,actual,True,[],SYNTHETIC-STRESS-001
NP6-345-CD,load_mw_east,EAST,2024-07-15 14:00:00+00:00,4556.0,MW,actual,True,[],SYNTHETIC-STRESS-001
NP6-345-CD,load_mw_far_west,FAR_WEST,2024-07-15 14:00:00+00:00,2278.0,MW,actual,True,[],SYNTHETIC-STRESS-001
NP6-345-CD,load_mw_north,NORTH,2024-07-15 14:00:00+00:00,3417.0,MW,actual,True,[],SYNTHETIC-STRESS-001
NP6-345-CD,load_mw_north_c,NORTH_C,2024-07-15 14:00:00+00:00,12528.9,MW,actual,True,[],SYNTHETIC-STRESS-001
NP6-345-CD,load_mw_southern,SOUTHERN,2024-07-15 14:00:00+00:00,3986.5,MW,actual,True,[],SYNTHETIC-STRESS-001
NP6-345-CD,load_mw_south_c,SOUTH_C,2024-07-15 14:00:00+00:00,10250.9,MW,actual,True,[],SYNTHETIC-STRESS-001
NP6-345-CD,load_mw_west,WEST,2024-07-15 14:00:00+00:00,3986.5,MW,actual,True,[],SYNTHETIC-STRESS-001
NP6-345-CD,load_mw_total,TOTAL,2024-07-15 14:00:00+00:00,56949.7,MW,actual,True,[],SYNTHETIC-STRESS-001
NP6-345-CD,load_mw_coast,COAST,2024-07-15 15:00:00+00:00,16257.4,MW,actual,True,[],SYNTHETIC-STRESS-001
NP6-345-CD,load_mw_east,EAST,2024-07-15 15:00:00+00:00,4645.0,MW,actual,True,[],SYNTHETIC-STRESS-001
NP6-345-CD,load_mw_far_west,FAR_WEST,2024-07-15 15:00:00+00:00,2322.5,MW,actual,True,[],SYNTHETIC-STRESS-001
NP6-345-CD,load_mw_north,NORTH,2024-07-15 15:00:00+00:00,3483.7,MW,actual,True,[],SYNTHETIC-STRESS-001
NP6-345-CD,load_mw_north_c,NORTH_C,2024-07-15 15:00:00+00:00,12773.7,MW,actual,True,[],SYNTHETIC-STRESS-001
NP6-345-CD,load_mw_southern,SOUTHERN,2024-07-15 15:00:00+00:00,4064.4,MW,actual,True,[],SYNTHETIC-STRESS-001
NP6-345-CD,load_mw_south_c,SOUTH_C,2024-07-15 15:00:00+00:00,10451.2,MW,actual,True,[],SYNTHETIC-STRESS-001
NP6-345-CD,load_mw_west,WEST,2024-07-15 15:00:00+00:00,4064.4,MW,actual,True,[],SYNTHETIC-STRESS-001
NP6-345-CD,load_mw_total,TOTAL,2024-07-15 15:00:00+00:00,58062.2,MW,actual,True,[],SYNTHETIC-STRESS-001
NP6-345-CD,load_mw_coast,COAST,2024-07-15 16:00:00+00:00,16453.2,MW,actual,True,[],SYNTHETIC-STRESS-001
NP6-345-CD,load_mw_east,EAST,2024-07-15 16:00:00+00:00,4700.9,MW,actual,True,[],SYNTHETIC-STRESS-001
NP6-345-CD,load_mw_far_west,FAR_WEST,2024-07-15 16:00:00+00:00,2350.5,MW,actual,True,[],SYNTHETIC-STRESS-001
NP6-345-CD,load_mw_north,NORTH,2024-07-15 16:00:00+00:00,3525.7,MW,actual,True,[],SYNTHETIC-STRESS-001
NP6-345-CD,load_mw_north_c,NORTH_C,2024-07-15 16:00:00+00:00,12927.5,MW,actual,True,[],SYNTHETIC-STRESS-001
NP6-345-CD,load_mw_southern,SOUTHERN,2024-07-15 16:00:00+00:00,4113.3,MW,actual,True,[],SYNTHETIC-STRESS-001
NP6-345-CD,load_mw_south_c,SOUTH_C,2024-07-15 16:00:00+00:00,10577.1,MW,actual,True,[],SYNTHETIC-STRESS-001
NP6-345-CD,load_mw_west,WEST,2024-07-15 16:00:00+00:00,4113.3,MW,actual,True,[],SYNTHETIC-STRESS-001
NP6-345-CD,load_mw_total,TOTAL,2024-07-15 16:00:00+00:00,58761.5,MW,actual,True,[],SYNTHETIC-STRESS-001
NP6-345-CD,load_mw_coast,COAST,2024-07-15 17:00:00+00:00,16520.0,MW,actual,True,[],SYNTHETIC-STRESS-001
NP6-345-CD,load_mw_east,EAST,2024-07-15 17:00:00+00:00,4720.0,MW,actual,True,[],SYNTHETIC-STRESS-001
NP6-345-CD,load_mw_far_west,FAR_WEST,2024-07-15 17:00:00+00:00,2360.0,MW,actual,True,[],SYNTHETIC-STRESS-001
NP6-345-CD,load_mw_north,NORTH,2024-07-15 17:00:00+00:00,3540.0,MW,actual,True,[],SYNTHETIC-STRESS-001
NP6-345-CD,load_mw_north_c,NORTH_C,2024-07-15 17:00:00+00:00,12980.0,MW,actual,True,[],SYNTHETIC-STRESS-001
NP6-345-CD,load_mw_southern,SOUTHERN,2024-07-15 17:00:00+00:00,4130.0,MW,actual,True,[],SYNTHETIC-STRESS-001
NP6-345-CD,load_mw_south_c,SOUTH_C,2024-07-15 17:00:00+00:00,10620.0,MW,actual,True,[],SYNTHETIC-STRESS-001
NP6-345-CD,load_mw_west,WEST,2024-07-15 17:00:00+00:00,4130.0,MW,actual,True,[],SYNTHETIC-STRESS-001
NP6-345-CD,load_mw_total,TOTAL,2024-07-15 17:00:00+00:00,59000.0,MW,actual,True,[],SYNTHETIC-STRESS-001
NP6-345-CD,load_mw_coast,COAST,2024-07-15 18:00:00+00:00,16453.2,MW,actual,True,[],SYNTHETIC-STRESS-001
NP6-345-CD,load_mw_east,EAST,2024-07-15 18:00:00+00:00,4700.9,MW,actual,True,[],SYNTHETIC-STRESS-001
NP6-345-CD,load_mw_far_west,FAR_WEST,2024-07-15 18:00:00+00:00,2350.5,MW,actual,True,[],SYNTHETIC-STRESS-001
NP6-345-CD,load_mw_north,NORTH,2024-07-15 18:00:00+00:00,3525.7,MW,actual,True,[],SYNTHETIC-STRESS-001
NP6-345-CD,load_mw_north_c,NORTH_C,2024-07-15 18:00:00+00:00,12927.5,MW,actual,True,[],SYNTHETIC-STRESS-001
NP6-345-CD,load_mw_southern,SOUTHERN,2024-07-15 18:00:00+00:00,4113.3,MW,actual,True,[],SYNTHETIC-STRESS-001
NP6-345-CD,load_mw_south_c,SOUTH_C,2024-07-15 18:00:00+00:00,10577.1,MW,actual,True,[],SYNTHETIC-STRESS-001
NP6-345-CD,load_mw_west,WEST,2024-07-15 18:00:00+00:00,4113.3,MW,actual,True,[],SYNTHETIC-STRESS-001
NP6-345-CD,load_mw_total,TOTAL,2024-07-15 18:00:00+00:00,58761.5,MW,actual,True,[],SYNTHETIC-STRESS-001
NP6-345-CD,load_mw_coast,COAST,2024-07-15 19:00:00+00:00,16257.4,MW,actual,True,[],SYNTHETIC-STRESS-001
NP6-345-CD,load_mw_east,EAST,2024-07-15 19:00:00+00:00,4645.0,MW,actual,True,[],SYNTHETIC-STRESS-001
NP6-345-CD,load_mw_far_west,FAR_WEST,2024-07-15 19:00:00+00:00,2322.5,MW,actual,True,[],SYNTHETIC-STRESS-001
NP6-345-CD,load_mw_north,NORTH,2024-07-15 19:00:00+00:00,3483.7,MW,actual,True,[],SYNTHETIC-STRESS-001
NP6-345-CD,load_mw_north_c,NORTH_C,2024-07-15 19:00:00+00:00,12773.7,MW,actual,True,[],SYNTHETIC-STRESS-001
NP6-345-CD,load_mw_southern,SOUTHERN,2024-07-15 19:00:00+00:00,4064.4,MW,actual,True,[],SYNTHETIC-STRESS-001
NP6-345-CD,load_mw_south_c,SOUTH_C,2024-07-15 19:00:00+00:00,10451.2,MW,actual,True,[],SYNTHETIC-STRESS-001
NP6-345-CD,load_mw_west,WEST,2024-07-15 19:00:00+00:00,4064.4,MW,actual,True,[],SYNTHETIC-STRESS-001
NP6-345-CD,load_mw_total,TOTAL,2024-07-15 19:00:00+00:00,58062.2,MW,actual,True,[],SYNTHETIC-STRESS-001
NP6-345-CD,load_mw_coast,COAST,2024-07-15 20:00:00+00:00,15945.9,MW,actual,True,[],SYNTHETIC-STRESS-001
NP6-345-CD,load_mw_east,EAST,2024-07-15 20:00:00+00:00,4556.0,MW,actual,True,[],SYNTHETIC-STRESS-001
NP6-345-CD,load_mw_far_west,FAR_WEST,2024-07-15 20:00:00+00:00,2278.0,MW,actual,True,[],SYNTHETIC-STRESS-001
NP6-345-CD,load_mw_north,NORTH,2024-07-15 20:00:00+00:00,3417.0,MW,actual,True,[],SYNTHETIC-STRESS-001
NP6-345-CD,load_mw_north_c,NORTH_C,2024-07-15 20:00:00+00:00,12528.9,MW,actual,True,[],SYNTHETIC-STRESS-001
NP6-345-CD,load_mw_southern,SOUTHERN,2024-07-15 20:00:00+00:00,3986.5,MW,actual,True,[],SYNTHETIC-STRESS-001
NP6-345-CD,load_mw_south_c,SOUTH_C,2024-07-15 20:00:00+00:00,10250.9,MW,actual,True,[],SYNTHETIC-STRESS-001
NP6-345-CD,load_mw_west,WEST,2024-07-15 20:00:00+00:00,3986.5,MW,actual,True,[],SYNTHETIC-STRESS-001
NP6-345-CD,load_mw_total,TOTAL,2024-07-15 20:00:00+00:00,56949.7,MW,actual,True,[],SYNTHETIC-STRESS-001
NP6-345-CD,load_mw_coast,COAST,2024-07-15 21:00:00+00:00,15540.0,MW,actual,True,[],SYNTHETIC-STRESS-001
NP6-345-CD,load_mw_east,EAST,2024-07-15 21:00:00+00:00,4440.0,MW,actual,True,[],SYNTHETIC-STRESS-001
NP6-345-CD,load_mw_far_west,FAR_WEST,2024-07-15 21:00:00+00:00,2220.0,MW,actual,True,[],SYNTHETIC-STRESS-001
NP6-345-CD,load_mw_north,NORTH,2024-07-15 21:00:00+00:00,3330.0,MW,actual,True,[],SYNTHETIC-STRESS-001
NP6-345-CD,load_mw_north_c,NORTH_C,2024-07-15 21:00:00+00:00,12210.0,MW,actual,True,[],SYNTHETIC-STRESS-001
NP6-345-CD,load_mw_southern,SOUTHERN,2024-07-15 21:00:00+00:00,3885.0,MW,actual,True,[],SYNTHETIC-STRESS-001
NP6-345-CD,load_mw_south_c,SOUTH_C,2024-07-15 21:00:00+00:00,9990.0,MW,actual,True,[],SYNTHETIC-STRESS-001
NP6-345-CD,load_mw_west,WEST,2024-07-15 21:00:00+00:00,3885.0,MW,actual,True,[],SYNTHETIC-STRESS-001
NP6-345-CD,load_mw_total,TOTAL,2024-07-15 21:00:00+00:00,55500.0,MW,actual,True,[],SYNTHETIC-STRESS-001
NP6-345-CD,load_mw_coast,COAST,2024-07-15 22:00:00+00:00,15067.3,MW,actual,True,[],SYNTHETIC-STRESS-001
NP6-345-CD,load_mw_east,EAST,2024-07-15 22:00:00+00:00,4304.9,MW,actual,True,[],SYNTHETIC-STRESS-001
NP6-345-CD,load_mw_far_west,FAR_WEST,2024-07-15 22:00:00+00:00,2152.5,MW,actual,True,[],SYNTHETIC-STRESS-001
NP6-345-CD,load_mw_north,NORTH,2024-07-15 22:00:00+00:00,3228.7,MW,actual,True,[],SYNTHETIC-STRESS-001
NP6-345-CD,load_mw_north_c,NORTH_C,2024-07-15 22:00:00+00:00,11838.6,MW,actual,True,[],SYNTHETIC-STRESS-001
NP6-345-CD,load_mw_southern,SOUTHERN,2024-07-15 22:00:00+00:00,3766.8,MW,actual,True,[],SYNTHETIC-STRESS-001
NP6-345-CD,load_mw_south_c,SOUTH_C,2024-07-15 22:00:00+00:00,9686.1,MW,actual,True,[],SYNTHETIC-STRESS-001
NP6-345-CD,load_mw_west,WEST,2024-07-15 22:00:00+00:00,3766.8,MW,actual,True,[],SYNTHETIC-STRESS-001
NP6-345-CD,load_mw_total,TOTAL,2024-07-15 22:00:00+00:00,53811.7,MW,actual,True,[],SYNTHETIC-STRESS-001
NP6-345-CD,load_mw_coast,COAST,2024-07-15 23:00:00+00:00,14560.0,MW,actual,True,[],SYNTHETIC-STRESS-001
NP6-345-CD,load_mw_east,EAST,2024-07-15 23:00:00+00:00,4160.0,MW,actual,True,[],SYNTHETIC-STRESS-001
NP6-345-CD,load_mw_far_west,FAR_WEST,2024-07-15 23:00:00+00:00,2080.0,MW,actual,True,[],SYNTHETIC-STRESS-001
NP6-345-CD,load_mw_north,NORTH,2024-07-15 23:00:00+00:00,3120.0,MW,actual,True,[],SYNTHETIC-STRESS-001
NP6-345-CD,load_mw_north_c,NORTH_C,2024-07-15 23:00:00+00:00,11440.0,MW,actual,True,[],SYNTHETIC-STRESS-001
NP6-345-CD,load_mw_southern,SOUTHERN,2024-07-15 23:00:00+00:00,3640.0,MW,actual,True,[],SYNTHETIC-STRESS-001
NP6-345-CD,load_mw_south_c,SOUTH_C,2024-07-15 23:00:00+00:00,9360.0,MW,actual,True,[],SYNTHETIC-STRESS-001
NP6-345-CD,load_mw_west,WEST,2024-07-15 23:00:00+00:00,3640.0,MW,actual,True,[],SYNTHETIC-STRESS-001
NP6-345-CD,load_mw_total,TOTAL,2024-07-15 23:00:00+00:00,52000.0,MW,actual,True,[],SYNTHETIC-STRESS-001
NP6-345-CD,load_mw_coast,COAST,2024-07-16 00:00:00+00:00,17132.7,MW,actual,True,[],SYNTHETIC-STRESS-001
NP6-345-CD,load_mw_east,EAST,2024-07-16 00:00:00+00:00,4895.1,MW,actual,True,[],SYNTHETIC-STRESS-001
NP6-345-CD,load_mw_far_west,FAR_WEST,2024-07-16 00:00:00+00:00,2447.5,MW,actual,True,[],SYNTHETIC-STRESS-001
NP6-345-CD,load_mw_north,NORTH,2024-07-16 00:00:00+00:00,3671.3,MW,actual,True,[],SYNTHETIC-STRESS-001
NP6-345-CD,load_mw_north_c,NORTH_C,2024-07-16 00:00:00+00:00,13461.4,MW,actual,True,[],SYNTHETIC-STRESS-001
NP6-345-CD,load_mw_southern,SOUTHERN,2024-07-16 00:00:00+00:00,4283.2,MW,actual,True,[],SYNTHETIC-STRESS-001
NP6-345-CD,load_mw_south_c,SOUTH_C,2024-07-16 00:00:00+00:00,11013.9,MW,actual,True,[],SYNTHETIC-STRESS-001
NP6-345-CD,load_mw_west,WEST,2024-07-16 00:00:00+00:00,4283.2,MW,actual,True,[],SYNTHETIC-STRESS-001
NP6-345-CD,load_mw_total,TOTAL,2024-07-16 00:00:00+00:00,61188.3,MW,actual,True,[],SYNTHETIC-STRESS-001
NP6-345-CD,load_mw_coast,COAST,2024-07-16 01:00:00+00:00,13580.0,MW,actual,True,[],SYNTHETIC-STRESS-001
NP6-345-CD,load_mw_east,EAST,2024-07-16 01:00:00+00:00,3880.0,MW,actual,True,[],SYNTHETIC-STRESS-001
NP6-345-CD,load_mw_far_west,FAR_WEST,2024-07-16 01:00:00+00:00,1940.0,MW,actual,True,[],SYNTHETIC-STRESS-001
NP6-345-CD,load_mw_north,NORTH,2024-07-16 01:00:00+00:00,2910.0,MW,actual,True,[],SYNTHETIC-STRESS-001
NP6-345-CD,load_mw_north_c,NORTH_C,2024-07-16 01:00:00+00:00,10670.0,MW,actual,True,[],SYNTHETIC-STRESS-001
NP6-345-CD,load_mw_southern,SOUTHERN,2024-07-16 01:00:00+00:00,3395.0,MW,actual,True,[],SYNTHETIC-STRESS-001
NP6-345-CD,load_mw_south_c,SOUTH_C,2024-07-16 01:00:00+00:00,8730.0,MW,actual,True,[],SYNTHETIC-STRESS-001
NP6-345-CD,load_mw_west,WEST,2024-07-16 01:00:00+00:00,3395.0,MW,actual,True,[],SYNTHETIC-STRESS-001
NP6-345-CD,load_mw_total,TOTAL,2024-07-16 01:00:00+00:00,48500.0,MW,actual,True,[],SYNTHETIC-STRESS-001
NP6-345-CD,load_mw_coast,COAST,2024-07-16 02:00:00+00:00,13174.1,MW,actual,True,[],SYNTHETIC-STRESS-001
NP6-345-CD,load_mw_east,EAST,2024-07-16 02:00:00+00:00,3764.0,MW,actual,True,[],SYNTHETIC-STRESS-001
NP6-345-CD,load_mw_far_west,FAR_WEST,2024-07-16 02:00:00+00:00,1882.0,MW,actual,True,[],SYNTHETIC-STRESS-001
NP6-345-CD,load_mw_north,NORTH,2024-07-16 02:00:00+00:00,2823.0,MW,actual,True,[],SYNTHETIC-STRESS-001
NP6-345-CD,load_mw_north_c,NORTH_C,2024-07-16 02:00:00+00:00,10351.1,MW,actual,True,[],SYNTHETIC-STRESS-001
NP6-345-CD,load_mw_southern,SOUTHERN,2024-07-16 02:00:00+00:00,3293.5,MW,actual,True,[],SYNTHETIC-STRESS-001
NP6-345-CD,load_mw_south_c,SOUTH_C,2024-07-16 02:00:00+00:00,8469.1,MW,actual,True,[],SYNTHETIC-STRESS-001
NP6-345-CD,load_mw_west,WEST,2024-07-16 02:00:00+00:00,3293.5,MW,actual,True,[],SYNTHETIC-STRESS-001
NP6-345-CD,load_mw_total,TOTAL,2024-07-16 02:00:00+00:00,47050.3,MW,actual,True,[],SYNTHETIC-STRESS-001
NP6-345-CD,load_mw_coast,COAST,2024-07-16 03:00:00+00:00,12862.6,MW,actual,True,[],SYNTHETIC-STRESS-001
NP6-345-CD,load_mw_east,EAST,2024-07-16 03:00:00+00:00,3675.0,MW,actual,True,[],SYNTHETIC-STRESS-001
NP6-345-CD,load_mw_far_west,FAR_WEST,2024-07-16 03:00:00+00:00,1837.5,MW,actual,True,[],SYNTHETIC-STRESS-001
NP6-345-CD,load_mw_north,NORTH,2024-07-16 03:00:00+00:00,2756.3,MW,actual,True,[],SYNTHETIC-STRESS-001
NP6-345-CD,load_mw_north_c,NORTH_C,2024-07-16 03:00:00+00:00,10106.3,MW,actual,True,[],SYNTHETIC-STRESS-001
NP6-345-CD,load_mw_southern,SOUTHERN,2024-07-16 03:00:00+00:00,3215.6,MW,actual,True,[],SYNTHETIC-STRESS-001
NP6-345-CD,load_mw_south_c,SOUTH_C,2024-07-16 03:00:00+00:00,8268.8,MW,actual,True,[],SYNTHETIC-STRESS-001
NP6-345-CD,load_mw_west,WEST,2024-07-16 03:00:00+00:00,3215.6,MW,actual,True,[],SYNTHETIC-STRESS-001
NP6-345-CD,load_mw_total,TOTAL,2024-07-16 03:00:00+00:00,45937.8,MW,actual,True,[],SYNTHETIC-STRESS-001
NP6-345-CD,load_mw_coast,COAST,2024-07-16 04:00:00+00:00,12666.8,MW,actual,True,[],SYNTHETIC-STRESS-001
NP6-345-CD,load_mw_east,EAST,2024-07-16 04:00:00+00:00,3619.1,MW,actual,True,[],SYNTHETIC-STRESS-001
NP6-345-CD,load_mw_far_west,FAR_WEST,2024-07-16 04:00:00+00:00,1809.5,MW,actual,True,[],SYNTHETIC-STRESS-001
NP6-345-CD,load_mw_north,NORTH,2024-07-16 04:00:00+00:00,2714.3,MW,actual,True,[],SYNTHETIC-STRESS-001
NP6-345-CD,load_mw_north_c,NORTH_C,2024-07-16 04:00:00+00:00,9952.5,MW,actual,True,[],SYNTHETIC-STRESS-001
NP6-345-CD,load_mw_southern,SOUTHERN,2024-07-16 04:00:00+00:00,3166.7,MW,actual,True,[],SYNTHETIC-STRESS-001
NP6-345-CD,load_mw_south_c,SOUTH_C,2024-07-16 04:00:00+00:00,8142.9,MW,actual,True,[],SYNTHETIC-STRESS-001
NP6-345-CD,load_mw_west,WEST,2024-07-16 04:00:00+00:00,3166.7,MW,actual,True,[],SYNTHETIC-STRESS-001
NP6-345-CD,load_mw_total,TOTAL,2024-07-16 04:00:00+00:00,45238.5,MW,actual,True,[],SYNTHETIC-STRESS-001
NP6-345-CD,load_mw_coast,COAST,2024-07-16 05:00:00+00:00,12600.0,MW,actual,True,[],SYNTHETIC-STRESS-001
NP6-345-CD,load_mw_east,EAST,2024-07-16 05:00:00+00:00,3600.0,MW,actual,True,[],SYNTHETIC-STRESS-001
NP6-345-CD,load_mw_far_west,FAR_WEST,2024-07-16 05:00:00+00:00,1800.0,MW,actual,True,[],SYNTHETIC-STRESS-001
NP6-345-CD,load_mw_north,NORTH,2024-07-16 05:00:00+00:00,2700.0,MW,actual,True,[],SYNTHETIC-STRESS-001
NP6-345-CD,load_mw_north_c,NORTH_C,2024-07-16 05:00:00+00:00,9900.0,MW,actual,True,[],SYNTHETIC-STRESS-001
NP6-345-CD,load_mw_southern,SOUTHERN,2024-07-16 05:00:00+00:00,3150.0,MW,actual,True,[],SYNTHETIC-STRESS-001
NP6-345-CD,load_mw_south_c,SOUTH_C,2024-07-16 05:00:00+00:00,8100.0,MW,actual,True,[],SYNTHETIC-STRESS-001
NP6-345-CD,load_mw_west,WEST,2024-07-16 05:00:00+00:00,3150.0,MW,actual,True,[],SYNTHETIC-STRESS-001
NP6-345-CD,load_mw_total,TOTAL,2024-07-16 05:00:00+00:00,45000.0,MW,actual,True,[],SYNTHETIC-STRESS-001
NP6-345-CD,load_mw_coast,COAST,2024-07-16 06:00:00+00:00,12666.8,MW,actual,True,[],SYNTHETIC-STRESS-001
NP6-345-CD,load_mw_east,EAST,2024-07-16 06:00:00+00:00,3619.1,MW,actual,True,[],SYNTHETIC-STRESS-001
NP6-345-CD,load_mw_far_west,FAR_WEST,2024-07-16 06:00:00+00:00,1809.5,MW,actual,True,[],SYNTHETIC-STRESS-001
NP6-345-CD,load_mw_north,NORTH,2024-07-16 06:00:00+00:00,2714.3,MW,actual,True,[],SYNTHETIC-STRESS-001
NP6-345-CD,load_mw_north_c,NORTH_C,2024-07-16 06:00:00+00:00,9952.5,MW,actual,True,[],SYNTHETIC-STRESS-001
NP6-345-CD,load_mw_southern,SOUTHERN,2024-07-16 06:00:00+00:00,3166.7,MW,actual,True,[],SYNTHETIC-STRESS-001
NP6-345-CD,load_mw_south_c,SOUTH_C,2024-07-16 06:00:00+00:00,8142.9,MW,actual,True,[],SYNTHETIC-STRESS-001
NP6-345-CD,load_mw_west,WEST,2024-07-16 06:00:00+00:00,3166.7,MW,actual,True,[],SYNTHETIC-STRESS-001
NP6-345-CD,load_mw_total,TOTAL,2024-07-16 06:00:00+00:00,45238.5,MW,actual,True,[],SYNTHETIC-STRESS-001
NP6-345-CD,load_mw_coast,COAST,2024-07-16 07:00:00+00:00,12862.6,MW,actual,True,[],SYNTHETIC-STRESS-001
NP6-345-CD,load_mw_east,EAST,2024-07-16 07:00:00+00:00,3675.0,MW,actual,True,[],SYNTHETIC-STRESS-001
NP6-345-CD,load_mw_far_west,FAR_WEST,2024-07-16 07:00:00+00:00,1837.5,MW,actual,True,[],SYNTHETIC-STRESS-001
NP6-345-CD,load_mw_north,NORTH,2024-07-16 07:00:00+00:00,2756.3,MW,actual,True,[],SYNTHETIC-STRESS-001
NP6-345-CD,load_mw_north_c,NORTH_C,2024-07-16 07:00:00+00:00,10106.3,MW,actual,True,[],SYNTHETIC-STRESS-001
NP6-345-CD,load_mw_southern,SOUTHERN,2024-07-16 07:00:00+00:00,3215.6,MW,actual,True,[],SYNTHETIC-STRESS-001
NP6-345-CD,load_mw_south_c,SOUTH_C,2024-07-16 07:00:00+00:00,8268.8,MW,actual,True,[],SYNTHETIC-STRESS-001
NP6-345-CD,load_mw_west,WEST,2024-07-16 07:00:00+00:00,3215.6,MW,actual,True,[],SYNTHETIC-STRESS-001
NP6-345-CD,load_mw_total,TOTAL,2024-07-16 07:00:00+00:00,45937.8,MW,actual,True,[],SYNTHETIC-STRESS-001
NP6-345-CD,load_mw_coast,COAST,2024-07-16 08:00:00+00:00,13174.1,MW,actual,True,[],SYNTHETIC-STRESS-001
NP6-345-CD,load_mw_east,EAST,2024-07-16 08:00:00+00:00,3764.0,MW,actual,True,[],SYNTHETIC-STRESS-001
NP6-345-CD,load_mw_far_west,FAR_WEST,2024-07-16 08:00:00+00:00,1882.0,MW,actual,True,[],SYNTHETIC-STRESS-001
NP6-345-CD,load_mw_north,NORTH,2024-07-16 08:00:00+00:00,2823.0,MW,actual,True,[],SYNTHETIC-STRESS-001
NP6-345-CD,load_mw_north_c,NORTH_C,2024-07-16 08:00:00+00:00,10351.1,MW,actual,True,[],SYNTHETIC-STRESS-001
NP6-345-CD,load_mw_southern,SOUTHERN,2024-07-16 08:00:00+00:00,3293.5,MW,actual,True,[],SYNTHETIC-STRESS-001
NP6-345-CD,load_mw_south_c,SOUTH_C,2024-07-16 08:00:00+00:00,8469.1,MW,actual,True,[],SYNTHETIC-STRESS-001
NP6-345-CD,load_mw_west,WEST,2024-07-16 08:00:00+00:00,3293.5,MW,actual,True,[],SYNTHETIC-STRESS-001
NP6-345-CD,load_mw_total,TOTAL,2024-07-16 08:00:00+00:00,47050.3,MW,actual,True,[],SYNTHETIC-STRESS-001
NP6-345-CD,load_mw_coast,COAST,2024-07-16 09:00:00+00:00,13580.0,MW,actual,True,[],SYNTHETIC-STRESS-001
NP6-345-CD,load_mw_east,EAST,2024-07-16 09:00:00+00:00,3880.0,MW,actual,True,[],SYNTHETIC-STRESS-001
NP6-345-CD,load_mw_far_west,FAR_WEST,2024-07-16 09:00:00+00:00,1940.0,MW,actual,True,[],SYNTHETIC-STRESS-001
NP6-345-CD,load_mw_north,NORTH,2024-07-16 09:00:00+00:00,2910.0,MW,actual,True,[],SYNTHETIC-STRESS-001
NP6-345-CD,load_mw_north_c,NORTH_C,2024-07-16 09:00:00+00:00,10670.0,MW,actual,True,[],SYNTHETIC-STRESS-001
NP6-345-CD,load_mw_southern,SOUTHERN,2024-07-16 09:00:00+00:00,3395.0,MW,actual,True,[],SYNTHETIC-STRESS-001
NP6-345-CD,load_mw_south_c,SOUTH_C,2024-07-16 09:00:00+00:00,8730.0,MW,actual,True,[],SYNTHETIC-STRESS-001
NP6-345-CD,load_mw_west,WEST,2024-07-16 09:00:00+00:00,3395.0,MW,actual,True,[],SYNTHETIC-STRESS-001
NP6-345-CD,load_mw_total,TOTAL,2024-07-16 09:00:00+00:00,48500.0,MW,actual,True,[],SYNTHETIC-STRESS-001
NP6-345-CD,load_mw_coast,COAST,2024-07-16 10:00:00+00:00,14052.7,MW,actual,True,[],SYNTHETIC-STRESS-001
NP6-345-CD,load_mw_east,EAST,2024-07-16 10:00:00+00:00,4015.1,MW,actual,True,[],SYNTHETIC-STRESS-001
NP6-345-CD,load_mw_far_west,FAR_WEST,2024-07-16 10:00:00+00:00,2007.5,MW,actual,True,[],SYNTHETIC-STRESS-001
NP6-345-CD,load_mw_north,NORTH,2024-07-16 10:00:00+00:00,3011.3,MW,actual,True,[],SYNTHETIC-STRESS-001
NP6-345-CD,load_mw_north_c,NORTH_C,2024-07-16 10:00:00+00:00,11041.4,MW,actual,True,[],SYNTHETIC-STRESS-001
NP6-345-CD,load_mw_southern,SOUTHERN,2024-07-16 10:00:00+00:00,3513.2,MW,actual,True,[],SYNTHETIC-STRESS-001
NP6-345-CD,load_mw_south_c,SOUTH_C,2024-07-16 10:00:00+00:00,9033.9,MW,actual,True,[],SYNTHETIC-STRESS-001
NP6-345-CD,load_mw_west,WEST,2024-07-16 10:00:00+00:00,3513.2,MW,actual,True,[],SYNTHETIC-STRESS-001
NP6-345-CD,load_mw_total,TOTAL,2024-07-16 10:00:00+00:00,50188.3,MW,actual,True,[],SYNTHETIC-STRESS-001
NP6-345-CD,load_mw_coast,COAST,2024-07-16 11:00:00+00:00,14560.0,MW,actual,True,[],SYNTHETIC-STRESS-001
NP6-345-CD,load_mw_east,EAST,2024-07-16 11:00:00+00:00,4160.0,MW,actual,True,[],SYNTHETIC-STRESS-001
NP6-345-CD,load_mw_far_west,FAR_WEST,2024-07-16 11:00:00+00:00,2080.0,MW,actual,True,[],SYNTHETIC-STRESS-001
NP6-345-CD,load_mw_north,NORTH,2024-07-16 11:00:00+00:00,3120.0,MW,actual,True,[],SYNTHETIC-STRESS-001
NP6-345-CD,load_mw_north_c,NORTH_C,2024-07-16 11:00:00+00:00,11440.0,MW,actual,True,[],SYNTHETIC-STRESS-001
NP6-345-CD,load_mw_southern,SOUTHERN,2024-07-16 11:00:00+00:00,3640.0,MW,actual,True,[],SYNTHETIC-STRESS-001
NP6-345-CD,load_mw_south_c,SOUTH_C,2024-07-16 11:00:00+00:00,9360.0,MW,actual,True,[],SYNTHETIC-STRESS-001
NP6-345-CD,load_mw_west,WEST,2024-07-16 11:00:00+00:00,3640.0,MW,actual,True,[],SYNTHETIC-STRESS-001
NP6-345-CD,load_mw_total,TOTAL,2024-07-16 11:00:00+00:00,52000.0,MW,actual,True,[],SYNTHETIC-STRESS-001
NP6-345-CD,load_mw_coast,COAST,2024-07-16 12:00:00+00:00,15067.3,MW,actual,True,[],SYNTHETIC-STRESS-001
NP6-345-CD,load_mw_east,EAST,2024-07-16 12:00:00+00:00,4304.9,MW,actual,True,[],SYNTHETIC-STRESS-001
NP6-345-CD,load_mw_far_west,FAR_WEST,2024-07-16 12:00:00+00:00,2152.5,MW,actual,True,[],SYNTHETIC-STRESS-001
NP6-345-CD,load_mw_north,NORTH,2024-07-16 12:00:00+00:00,3228.7,MW,actual,True,[],SYNTHETIC-STRESS-001
NP6-345-CD,load_mw_north_c,NORTH_C,2024-07-16 12:00:00+00:00,11838.6,MW,actual,True,[],SYNTHETIC-STRESS-001
NP6-345-CD,load_mw_southern,SOUTHERN,2024-07-16 12:00:00+00:00,3766.8,MW,actual,True,[],SYNTHETIC-STRESS-001
NP6-345-CD,load_mw_south_c,SOUTH_C,2024-07-16 12:00:00+00:00,9686.1,MW,actual,True,[],SYNTHETIC-STRESS-001
NP6-345-CD,load_mw_west,WEST,2024-07-16 12:00:00+00:00,3766.8,MW,actual,True,[],SYNTHETIC-STRESS-001
NP6-345-CD,load_mw_total,TOTAL,2024-07-16 12:00:00+00:00,53811.7,MW,actual,True,[],SYNTHETIC-STRESS-001
NP6-345-CD,load_mw_coast,COAST,2024-07-16 13:00:00+00:00,15540.0,MW,actual,True,[],SYNTHETIC-STRESS-001
NP6-345-CD,load_mw_east,EAST,2024-07-16 13:00:00+00:00,4440.0,MW,actual,True,[],SYNTHETIC-STRESS-001
NP6-345-CD,load_mw_far_west,FAR_WEST,2024-07-16 13:00:00+00:00,2220.0,MW,actual,True,[],SYNTHETIC-STRESS-001
NP6-345-CD,load_mw_north,NORTH,2024-07-16 13:00:00+00:00,3330.0,MW,actual,True,[],SYNTHETIC-STRESS-001
NP6-345-CD,load_mw_north_c,NORTH_C,2024-07-16 13:00:00+00:00,12210.0,MW,actual,True,[],SYNTHETIC-STRESS-001
NP6-345-CD,load_mw_southern,SOUTHERN,2024-07-16 13:00:00+00:00,3885.0,MW,actual,True,[],SYNTHETIC-STRESS-001
NP6-345-CD,load_mw_south_c,SOUTH_C,2024-07-16 13:00:00+00:00,9990.0,MW,actual,True,[],SYNTHETIC-STRESS-001
NP6-345-CD,load_mw_west,WEST,2024-07-16 13:00:00+00:00,3885.0,MW,actual,True,[],SYNTHETIC-STRESS-001
NP6-345-CD,load_mw_total,TOTAL,2024-07-16 13:00:00+00:00,55500.0,MW,actual,True,[],SYNTHETIC-STRESS-001
NP6-345-CD,load_mw_coast,COAST,2024-07-16 14:00:00+00:00,15945.9,MW,actual,True,[],SYNTHETIC-STRESS-001
NP6-345-CD,load_mw_east,EAST,2024-07-16 14:00:00+00:00,4556.0,MW,actual,True,[],SYNTHETIC-STRESS-001
NP6-345-CD,load_mw_far_west,FAR_WEST,2024-07-16 14:00:00+00:00,2278.0,MW,actual,True,[],SYNTHETIC-STRESS-001
NP6-345-CD,load_mw_north,NORTH,2024-07-16 14:00:00+00:00,3417.0,MW,actual,True,[],SYNTHETIC-STRESS-001
NP6-345-CD,load_mw_north_c,NORTH_C,2024-07-16 14:00:00+00:00,12528.9,MW,actual,True,[],SYNTHETIC-STRESS-001
NP6-345-CD,load_mw_southern,SOUTHERN,2024-07-16 14:00:00+00:00,3986.5,MW,actual,True,[],SYNTHETIC-STRESS-001
NP6-345-CD,load_mw_south_c,SOUTH_C,2024-07-16 14:00:00+00:00,10250.9,MW,actual,True,[],SYNTHETIC-STRESS-001
NP6-345-CD,load_mw_west,WEST,2024-07-16 14:00:00+00:00,3986.5,MW,actual,True,[],SYNTHETIC-STRESS-001
NP6-345-CD,load_mw_total,TOTAL,2024-07-16 14:00:00+00:00,56949.7,MW,actual,True,[],SYNTHETIC-STRESS-001
NP6-345-CD,load_mw_coast,COAST,2024-07-16 15:00:00+00:00,16257.4,MW,actual,True,[],SYNTHETIC-STRESS-001
NP6-345-CD,load_mw_east,EAST,2024-07-16 15:00:00+00:00,4645.0,MW,actual,True,[],SYNTHETIC-STRESS-001
NP6-345-CD,load_mw_far_west,FAR_WEST,2024-07-16 15:00:00+00:00,2322.5,MW,actual,True,[],SYNTHETIC-STRESS-001
NP6-345-CD,load_mw_north,NORTH,2024-07-16 15:00:00+00:00,3483.7,MW,actual,True,[],SYNTHETIC-STRESS-001
NP6-345-CD,load_mw_north_c,NORTH_C,2024-07-16 15:00:00+00:00,12773.7,MW,actual,True,[],SYNTHETIC-STRESS-001
NP6-345-CD,load_mw_southern,SOUTHERN,2024-07-16 15:00:00+00:00,4064.4,MW,actual,True,[],SYNTHETIC-STRESS-001
NP6-345-CD,load_mw_south_c,SOUTH_C,2024-07-16 15:00:00+00:00,10451.2,MW,actual,True,[],SYNTHETIC-STRESS-001
NP6-345-CD,load_mw_west,WEST,2024-07-16 15:00:00+00:00,4064.4,MW,actual,True,[],SYNTHETIC-STRESS-001
NP6-345-CD,load_mw_total,TOTAL,2024-07-16 15:00:00+00:00,58062.2,MW,actual,True,[],SYNTHETIC-STRESS-001
NP6-345-CD,load_mw_coast,COAST,2024-07-16 16:00:00+00:00,16453.2,MW,actual,True,[],SYNTHETIC-STRESS-001
NP6-345-CD,load_mw_east,EAST,2024-07-16 16:00:00+00:00,4700.9,MW,actual,True,[],SYNTHETIC-STRESS-001
NP6-345-CD,load_mw_far_west,FAR_WEST,2024-07-16 16:00:00+00:00,2350.5,MW,actual,True,[],SYNTHETIC-STRESS-001
NP6-345-CD,load_mw_north,NORTH,2024-07-16 16:00:00+00:00,3525.7,MW,actual,True,[],SYNTHETIC-STRESS-001
NP6-345-CD,load_mw_north_c,NORTH_C,2024-07-16 16:00:00+00:00,12927.5,MW,actual,True,[],SYNTHETIC-STRESS-001
NP6-345-CD,load_mw_southern,SOUTHERN,2024-07-16 16:00:00+00:00,4113.3,MW,actual,True,[],SYNTHETIC-STRESS-001
NP6-345-CD,load_mw_south_c,SOUTH_C,2024-07-16 16:00:00+00:00,10577.1,MW,actual,True,[],SYNTHETIC-STRESS-001
NP6-345-CD,load_mw_west,WEST,2024-07-16 16:00:00+00:00,4113.3,MW,actual,True,[],SYNTHETIC-STRESS-001
NP6-345-CD,load_mw_total,TOTAL,2024-07-16 16:00:00+00:00,58761.5,MW,actual,True,[],SYNTHETIC-STRESS-001
NP6-345-CD,load_mw_coast,COAST,2024-07-16 17:00:00+00:00,16520.0,MW,actual,True,[],SYNTHETIC-STRESS-001
NP6-345-CD,load_mw_east,EAST,2024-07-16 17:00:00+00:00,4720.0,MW,actual,True,[],SYNTHETIC-STRESS-001
NP6-345-CD,load_mw_far_west,FAR_WEST,2024-07-16 17:00:00+00:00,2360.0,MW,actual,True,[],SYNTHETIC-STRESS-001
NP6-345-CD,load_mw_north,NORTH,2024-07-16 17:00:00+00:00,3540.0,MW,actual,True,[],SYNTHETIC-STRESS-001
NP6-345-CD,load_mw_north_c,NORTH_C,2024-07-16 17:00:00+00:00,12980.0,MW,actual,True,[],SYNTHETIC-STRESS-001
NP6-345-CD,load_mw_southern,SOUTHERN,2024-07-16 17:00:00+00:00,4130.0,MW,actual,True,[],SYNTHETIC-STRESS-001
NP6-345-CD,load_mw_south_c,SOUTH_C,2024-07-16 17:00:00+00:00,10620.0,MW,actual,True,[],SYNTHETIC-STRESS-001
NP6-345-CD,load_mw_west,WEST,2024-07-16 17:00:00+00:00,4130.0,MW,actual,True,[],SYNTHETIC-STRESS-001
NP6-345-CD,load_mw_total,TOTAL,2024-07-16 17:00:00+00:00,59000.0,MW,actual,True,[],SYNTHETIC-STRESS-001
NP6-345-CD,load_mw_coast,COAST,2024-07-16 18:00:00+00:00,16453.2,MW,actual,True,[],SYNTHETIC-STRESS-001
NP6-345-CD,load_mw_east,EAST,2024-07-16 18:00:00+00:00,4700.9,MW,actual,True,[],SYNTHETIC-STRESS-001
NP6-345-CD,load_mw_far_west,FAR_WEST,2024-07-16 18:00:00+00:00,2350.5,MW,actual,True,[],SYNTHETIC-STRESS-001
NP6-345-CD,load_mw_north,NORTH,2024-07-16 18:00:00+00:00,3525.7,MW,actual,True,[],SYNTHETIC-STRESS-001
NP6-345-CD,load_mw_north_c,NORTH_C,2024-07-16 18:00:00+00:00,12927.5,MW,actual,True,[],SYNTHETIC-STRESS-001
NP6-345-CD,load_mw_southern,SOUTHERN,2024-07-16 18:00:00+00:00,4113.3,MW,actual,True,[],SYNTHETIC-STRESS-001
NP6-345-CD,load_mw_south_c,SOUTH_C,2024-07-16 18:00:00+00:00,10577.1,MW,actual,True,[],SYNTHETIC-STRESS-001
NP6-345-CD,load_mw_west,WEST,2024-07-16 18:00:00+00:00,4113.3,MW,actual,True,[],SYNTHETIC-STRESS-001
NP6-345-CD,load_mw_total,TOTAL,2024-07-16 18:00:00+00:00,58761.5,MW,actual,True,[],SYNTHETIC-STRESS-001
NP6-345-CD,load_mw_coast,COAST,2024-07-16 19:00:00+00:00,16257.4,MW,actual,True,[],SYNTHETIC-STRESS-001
NP6-345-CD,load_mw_east,EAST,2024-07-16 19:00:00+00:00,4645.0,MW,actual,True,[],SYNTHETIC-STRESS-001
NP6-345-CD,load_mw_far_west,FAR_WEST,2024-07-16 19:00:00+00:00,2322.5,MW,actual,True,[],SYNTHETIC-STRESS-001
NP6-345-CD,load_mw_north,NORTH,2024-07-16 19:00:00+00:00,3483.7,MW,actual,True,[],SYNTHETIC-STRESS-001
NP6-345-CD,load_mw_north_c,NORTH_C,2024-07-16 19:00:00+00:00,12773.7,MW,actual,True,[],SYNTHETIC-STRESS-001
NP6-345-CD,load_mw_southern,SOUTHERN,2024-07-16 19:00:00+00:00,4064.4,MW,actual,True,[],SYNTHETIC-STRESS-001
NP6-345-CD,load_mw_south_c,SOUTH_C,2024-07-16 19:00:00+00:00,10451.2,MW,actual,True,[],SYNTHETIC-STRESS-001
NP6-345-CD,load_mw_west,WEST,2024-07-16 19:00:00+00:00,4064.4,MW,actual,True,[],SYNTHETIC-STRESS-001
NP6-345-CD,load_mw_total,TOTAL,2024-07-16 19:00:00+00:00,58062.2,MW,actual,True,[],SYNTHETIC-STRESS-001
NP6-345-CD,load_mw_coast,COAST,2024-07-16 20:00:00+00:00,15945.9,MW,actual,True,[],SYNTHETIC-STRESS-001
NP6-345-CD,load_mw_east,EAST,2024-07-16 20:00:00+00:00,4556.0,MW,actual,True,[],SYNTHETIC-STRESS-001
NP6-345-CD,load_mw_far_west,FAR_WEST,2024-07-16 20:00:00+00:00,2278.0,MW,actual,True,[],SYNTHETIC-STRESS-001
NP6-345-CD,load_mw_north,NORTH,2024-07-16 20:00:00+00:00,3417.0,MW,actual,True,[],SYNTHETIC-STRESS-001
NP6-345-CD,load_mw_north_c,NORTH_C,2024-07-16 20:00:00+00:00,12528.9,MW,actual,True,[],SYNTHETIC-STRESS-001
NP6-345-CD,load_mw_southern,SOUTHERN,2024-07-16 20:00:00+00:00,3986.5,MW,actual,True,[],SYNTHETIC-STRESS-001
NP6-345-CD,load_mw_south_c,SOUTH_C,2024-07-16 20:00:00+00:00,10250.9,MW,actual,True,[],SYNTHETIC-STRESS-001
NP6-345-CD,load_mw_west,WEST,2024-07-16 20:00:00+00:00,3986.5,MW,actual,True,[],SYNTHETIC-STRESS-001
NP6-345-CD,load_mw_total,TOTAL,2024-07-16 20:00:00+00:00,56949.7,MW,actual,True,[],SYNTHETIC-STRESS-001
NP6-345-CD,load_mw_coast,COAST,2024-07-16 21:00:00+00:00,15540.0,MW,actual,True,[],SYNTHETIC-STRESS-001
NP6-345-CD,load_mw_east,EAST,2024-07-16 21:00:00+00:00,4440.0,MW,actual,True,[],SYNTHETIC-STRESS-001
NP6-345-CD,load_mw_far_west,FAR_WEST,2024-07-16 21:00:00+00:00,2220.0,MW,actual,True,[],SYNTHETIC-STRESS-001
NP6-345-CD,load_mw_north,NORTH,2024-07-16 21:00:00+00:00,3330.0,MW,actual,True,[],SYNTHETIC-STRESS-001
NP6-345-CD,load_mw_north_c,NORTH_C,2024-07-16 21:00:00+00:00,12210.0,MW,actual,True,[],SYNTHETIC-STRESS-001
NP6-345-CD,load_mw_southern,SOUTHERN,2024-07-16 21:00:00+00:00,3885.0,MW,actual,True,[],SYNTHETIC-STRESS-001
NP6-345-CD,load_mw_south_c,SOUTH_C,2024-07-16 21:00:00+00:00,9990.0,MW,actual,True,[],SYNTHETIC-STRESS-001
NP6-345-CD,load_mw_west,WEST,2024-07-16 21:00:00+00:00,3885.0,MW,actual,True,[],SYNTHETIC-STRESS-001
NP6-345-CD,load_mw_total,TOTAL,2024-07-16 21:00:00+00:00,55500.0,MW,actual,True,[],SYNTHETIC-STRESS-001
NP6-345-CD,load_mw_coast,COAST,2024-07-16 22:00:00+00:00,15067.3,MW,actual,True,[],SYNTHETIC-STRESS-001
NP6-345-CD,load_mw_east,EAST,2024-07-16 22:00:00+00:00,4304.9,MW,actual,True,[],SYNTHETIC-STRESS-001
NP6-345-CD,load_mw_far_west,FAR_WEST,2024-07-16 22:00:00+00:00,2152.5,MW,actual,True,[],SYNTHETIC-STRESS-001
NP6-345-CD,load_mw_north,NORTH,2024-07-16 22:00:00+00:00,3228.7,MW,actual,True,[],SYNTHETIC-STRESS-001
NP6-345-CD,load_mw_north_c,NORTH_C,2024-07-16 22:00:00+00:00,11838.6,MW,actual,True,[],SYNTHETIC-STRESS-001
NP6-345-CD,load_mw_southern,SOUTHERN,2024-07-16 22:00:00+00:00,3766.8,MW,actual,True,[],SYNTHETIC-STRESS-001
NP6-345-CD,load_mw_south_c,SOUTH_C,2024-07-16 22:00:00+00:00,9686.1,MW,actual,True,[],SYNTHETIC-STRESS-001
NP6-345-CD,load_mw_west,WEST,2024-07-16 22:00:00+00:00,3766.8,MW,actual,True,[],SYNTHETIC-STRESS-001
NP6-345-CD,load_mw_total,TOTAL,2024-07-16 22:00:00+00:00,53811.7,MW,actual,True,[],SYNTHETIC-STRESS-001
NP6-345-CD,load_mw_coast,COAST,2024-07-16 23:00:00+00:00,14560.0,MW,actual,True,[],SYNTHETIC-STRESS-001
NP6-345-CD,load_mw_east,EAST,2024-07-16 23:00:00+00:00,4160.0,MW,actual,True,[],SYNTHETIC-STRESS-001
NP6-345-CD,load_mw_far_west,FAR_WEST,2024-07-16 23:00:00+00:00,2080.0,MW,actual,True,[],SYNTHETIC-STRESS-001
NP6-345-CD,load_mw_north,NORTH,2024-07-16 23:00:00+00:00,3120.0,MW,actual,True,[],SYNTHETIC-STRESS-001
NP6-345-CD,load_mw_north_c,NORTH_C,2024-07-16 23:00:00+00:00,11440.0,MW,actual,True,[],SYNTHETIC-STRESS-001
NP6-345-CD,load_mw_southern,SOUTHERN,2024-07-16 23:00:00+00:00,3640.0,MW,actual,True,[],SYNTHETIC-STRESS-001
NP6-345-CD,load_mw_south_c,SOUTH_C,2024-07-16 23:00:00+00:00,9360.0,MW,actual,True,[],SYNTHETIC-STRESS-001
NP6-345-CD,load_mw_west,WEST,2024-07-16 23:00:00+00:00,3640.0,MW,actual,True,[],SYNTHETIC-STRESS-001
NP6-345-CD,load_mw_total,TOTAL,2024-07-16 23:00:00+00:00,52000.0,MW,actual,True,[],SYNTHETIC-STRESS-001
NP6-345-CD,load_mw_coast,COAST,2024-07-17 00:00:00+00:00,14052.7,MW,actual,True,[],SYNTHETIC-STRESS-001
NP6-345-CD,load_mw_east,EAST,2024-07-17 00:00:00+00:00,4015.1,MW,actual,True,[],SYNTHETIC-STRESS-001
NP6-345-CD,load_mw_far_west,FAR_WEST,2024-07-17 00:00:00+00:00,2007.5,MW,actual,True,[],SYNTHETIC-STRESS-001
NP6-345-CD,load_mw_north,NORTH,2024-07-17 00:00:00+00:00,3011.3,MW,actual,True,[],SYNTHETIC-STRESS-001
NP6-345-CD,load_mw_north_c,NORTH_C,2024-07-17 00:00:00+00:00,11041.4,MW,actual,True,[],SYNTHETIC-STRESS-001
NP6-345-CD,load_mw_southern,SOUTHERN,2024-07-17 00:00:00+00:00,3513.2,MW,actual,True,[],SYNTHETIC-STRESS-001
NP6-345-CD,load_mw_south_c,SOUTH_C,2024-07-17 00:00:00+00:00,9033.9,MW,actual,True,[],SYNTHETIC-STRESS-001
NP6-345-CD,load_mw_west,WEST,2024-07-17 00:00:00+00:00,3513.2,MW,actual,True,[],SYNTHETIC-STRESS-001
NP6-345-CD,load_mw_total,TOTAL,2024-07-17 00:00:00+00:00,50188.3,MW,actual,True,[],SYNTHETIC-STRESS-001
NP6-345-CD,load_mw_coast,COAST,2024-07-17 01:00:00+00:00,13580.0,MW,actual,True,[],SYNTHETIC-STRESS-001
NP6-345-CD,load_mw_east,EAST,2024-07-17 01:00:00+00:00,3880.0,MW,actual,True,[],SYNTHETIC-STRESS-001
NP6-345-CD,load_mw_far_west,FAR_WEST,2024-07-17 01:00:00+00:00,1940.0,MW,actual,True,[],SYNTHETIC-STRESS-001
NP6-345-CD,load_mw_north,NORTH,2024-07-17 01:00:00+00:00,2910.0,MW,actual,True,[],SYNTHETIC-STRESS-001
NP6-345-CD,load_mw_north_c,NORTH_C,2024-07-17 01:00:00+00:00,10670.0,MW,actual,True,[],SYNTHETIC-STRESS-001
NP6-345-CD,load_mw_southern,SOUTHERN,2024-07-17 01:00:00+00:00,3395.0,MW,actual,True,[],SYNTHETIC-STRESS-001
NP6-345-CD,load_mw_south_c,SOUTH_C,2024-07-17 01:00:00+00:00,8730.0,MW,actual,True,[],SYNTHETIC-STRESS-001
NP6-345-CD,load_mw_west,WEST,2024-07-17 01:00:00+00:00,3395.0,MW,actual,True,[],SYNTHETIC-STRESS-001
NP6-345-CD,load_mw_total,TOTAL,2024-07-17 01:00:00+00:00,48500.0,MW,actual,True,[],SYNTHETIC-STRESS-001
NP6-345-CD,load_mw_coast,COAST,2024-07-17 02:00:00+00:00,13174.1,MW,actual,True,[],SYNTHETIC-STRESS-001
NP6-345-CD,load_mw_east,EAST,2024-07-17 02:00:00+00:00,3764.0,MW,actual,True,[],SYNTHETIC-STRESS-001
NP6-345-CD,load_mw_far_west,FAR_WEST,2024-07-17 02:00:00+00:00,1882.0,MW,actual,True,[],SYNTHETIC-STRESS-001
NP6-345-CD,load_mw_north,NORTH,2024-07-17 02:00:00+00:00,2823.0,MW,actual,True,[],SYNTHETIC-STRESS-001
NP6-345-CD,load_mw_north_c,NORTH_C,2024-07-17 02:00:00+00:00,10351.1,MW,actual,True,[],SYNTHETIC-STRESS-001
NP6-345-CD,load_mw_southern,SOUTHERN,2024-07-17 02:00:00+00:00,3293.5,MW,actual,True,[],SYNTHETIC-STRESS-001
NP6-345-CD,load_mw_south_c,SOUTH_C,2024-07-17 02:00:00+00:00,8469.1,MW,actual,True,[],SYNTHETIC-STRESS-001
NP6-345-CD,load_mw_west,WEST,2024-07-17 02:00:00+00:00,3293.5,MW,actual,True,[],SYNTHETIC-STRESS-001
NP6-345-CD,load_mw_total,TOTAL,2024-07-17 02:00:00+00:00,47050.3,MW,actual,True,[],SYNTHETIC-STRESS-001
NP6-345-CD,load_mw_coast,COAST,2024-07-17 03:00:00+00:00,12862.6,MW,actual,True,[],SYNTHETIC-STRESS-001
NP6-345-CD,load_mw_east,EAST,2024-07-17 03:00:00+00:00,3675.0,MW,actual,True,[],SYNTHETIC-STRESS-001
NP6-345-CD,load_mw_far_west,FAR_WEST,2024-07-17 03:00:00+00:00,1837.5,MW,actual,True,[],SYNTHETIC-STRESS-001
NP6-345-CD,load_mw_north,NORTH,2024-07-17 03:00:00+00:00,2756.3,MW,actual,True,[],SYNTHETIC-STRESS-001
NP6-345-CD,load_mw_north_c,NORTH_C,2024-07-17 03:00:00+00:00,10106.3,MW,actual,True,[],SYNTHETIC-STRESS-001
NP6-345-CD,load_mw_southern,SOUTHERN,2024-07-17 03:00:00+00:00,3215.6,MW,actual,True,[],SYNTHETIC-STRESS-001
NP6-345-CD,load_mw_south_c,SOUTH_C,2024-07-17 03:00:00+00:00,8268.8,MW,actual,True,[],SYNTHETIC-STRESS-001
NP6-345-CD,load_mw_west,WEST,2024-07-17 03:00:00+00:00,3215.6,MW,actual,True,[],SYNTHETIC-STRESS-001
NP6-345-CD,load_mw_total,TOTAL,2024-07-17 03:00:00+00:00,45937.8,MW,actual,True,[],SYNTHETIC-STRESS-001
NP6-345-CD,load_mw_coast,COAST,2024-07-17 04:00:00+00:00,12666.8,MW,actual,True,[],SYNTHETIC-STRESS-001
NP6-345-CD,load_mw_east,EAST,2024-07-17 04:00:00+00:00,3619.1,MW,actual,True,[],SYNTHETIC-STRESS-001
NP6-345-CD,load_mw_far_west,FAR_WEST,2024-07-17 04:00:00+00:00,1809.5,MW,actual,True,[],SYNTHETIC-STRESS-001
NP6-345-CD,load_mw_north,NORTH,2024-07-17 04:00:00+00:00,2714.3,MW,actual,True,[],SYNTHETIC-STRESS-001
NP6-345-CD,load_mw_north_c,NORTH_C,2024-07-17 04:00:00+00:00,9952.5,MW,actual,True,[],SYNTHETIC-STRESS-001
NP6-345-CD,load_mw_southern,SOUTHERN,2024-07-17 04:00:00+00:00,3166.7,MW,actual,True,[],SYNTHETIC-STRESS-001
NP6-345-CD,load_mw_south_c,SOUTH_C,2024-07-17 04:00:00+00:00,8142.9,MW,actual,True,[],SYNTHETIC-STRESS-001
NP6-345-CD,load_mw_west,WEST,2024-07-17 04:00:00+00:00,3166.7,MW,actual,True,[],SYNTHETIC-STRESS-001
NP6-345-CD,load_mw_total,TOTAL,2024-07-17 04:00:00+00:00,45238.5,MW,actual,True,[],SYNTHETIC-STRESS-001
NP6-345-CD,load_mw_coast,COAST,2024-07-17 05:00:00+00:00,12600.0,MW,actual,True,[],SYNTHETIC-STRESS-001
NP6-345-CD,load_mw_east,EAST,2024-07-17 05:00:00+00:00,3600.0,MW,actual,True,[],SYNTHETIC-STRESS-001
NP6-345-CD,load_mw_far_west,FAR_WEST,2024-07-17 05:00:00+00:00,1800.0,MW,actual,True,[],SYNTHETIC-STRESS-001
NP6-345-CD,load_mw_north,NORTH,2024-07-17 05:00:00+00:00,2700.0,MW,actual,True,[],SYNTHETIC-STRESS-001
NP6-345-CD,load_mw_north_c,NORTH_C,2024-07-17 05:00:00+00:00,9900.0,MW,actual,True,[],SYNTHETIC-STRESS-001
NP6-345-CD,load_mw_southern,SOUTHERN,2024-07-17 05:00:00+00:00,3150.0,MW,actual,True,[],SYNTHETIC-STRESS-001
NP6-345-CD,load_mw_south_c,SOUTH_C,2024-07-17 05:00:00+00:00,8100.0,MW,actual,True,[],SYNTHETIC-STRESS-001
NP6-345-CD,load_mw_west,WEST,2024-07-17 05:00:00+00:00,3150.0,MW,actual,True,[],SYNTHETIC-STRESS-001
NP6-345-CD,load_mw_total,TOTAL,2024-07-17 05:00:00+00:00,45000.0,MW,actual,True,[],SYNTHETIC-STRESS-001
NP4-732-CD,wind_gen_mw,SYSTEM,2024-07-15 06:00:00+00:00,15000.0,MW,actual,True,[],SYNTHETIC-STRESS-001
NP4-732-CD,wind_forecast_stwpf_mw,SYSTEM,2024-07-15 06:00:00+00:00,14800.0,MW,forecast,True,['forecast_not_actual'],SYNTHETIC-STRESS-001
NP4-732-CD,wind_forecast_wgrpp_mw,SYSTEM,2024-07-15 06:00:00+00:00,14400.0,MW,forecast,True,['forecast_not_actual'],SYNTHETIC-STRESS-001
NP4-732-CD,wind_gen_mw,SYSTEM,2024-07-15 07:00:00+00:00,15000.0,MW,actual,True,[],SYNTHETIC-STRESS-001
NP4-732-CD,wind_forecast_stwpf_mw,SYSTEM,2024-07-15 07:00:00+00:00,14800.0,MW,forecast,True,['forecast_not_actual'],SYNTHETIC-STRESS-001
NP4-732-CD,wind_forecast_wgrpp_mw,SYSTEM,2024-07-15 07:00:00+00:00,14400.0,MW,forecast,True,['forecast_not_actual'],SYNTHETIC-STRESS-001
NP4-732-CD,wind_gen_mw,SYSTEM,2024-07-15 08:00:00+00:00,15000.0,MW,actual,True,[],SYNTHETIC-STRESS-001
NP4-732-CD,wind_forecast_stwpf_mw,SYSTEM,2024-07-15 08:00:00+00:00,14800.0,MW,forecast,True,['forecast_not_actual'],SYNTHETIC-STRESS-001
NP4-732-CD,wind_forecast_wgrpp_mw,SYSTEM,2024-07-15 08:00:00+00:00,14400.0,MW,forecast,True,['forecast_not_actual'],SYNTHETIC-STRESS-001
NP4-732-CD,wind_gen_mw,SYSTEM,2024-07-15 09:00:00+00:00,15000.0,MW,actual,True,[],SYNTHETIC-STRESS-001
NP4-732-CD,wind_forecast_stwpf_mw,SYSTEM,2024-07-15 09:00:00+00:00,14800.0,MW,forecast,True,['forecast_not_actual'],SYNTHETIC-STRESS-001
NP4-732-CD,wind_forecast_wgrpp_mw,SYSTEM,2024-07-15 09:00:00+00:00,14400.0,MW,forecast,True,['forecast_not_actual'],SYNTHETIC-STRESS-001
NP4-732-CD,wind_gen_mw,SYSTEM,2024-07-15 10:00:00+00:00,,MW,actual,True,['missing_value'],SYNTHETIC-STRESS-001
NP4-732-CD,wind_forecast_stwpf_mw,SYSTEM,2024-07-15 10:00:00+00:00,14800.0,MW,forecast,True,['forecast_not_actual'],SYNTHETIC-STRESS-001
NP4-732-CD,wind_forecast_wgrpp_mw,SYSTEM,2024-07-15 10:00:00+00:00,14400.0,MW,forecast,True,['forecast_not_actual'],SYNTHETIC-STRESS-001
NP4-732-CD,wind_gen_mw,SYSTEM,2024-07-15 11:00:00+00:00,15000.0,MW,actual,True,[],SYNTHETIC-STRESS-001
NP4-732-CD,wind_forecast_stwpf_mw,SYSTEM,2024-07-15 11:00:00+00:00,14800.0,MW,forecast,True,['forecast_not_actual'],SYNTHETIC-STRESS-001
NP4-732-CD,wind_forecast_wgrpp_mw,SYSTEM,2024-07-15 11:00:00+00:00,14400.0,MW,forecast,True,['forecast_not_actual'],SYNTHETIC-STRESS-001
NP4-732-CD,wind_gen_mw,SYSTEM,2024-07-15 12:00:00+00:00,15000.0,MW,actual,True,[],SYNTHETIC-STRESS-001
NP4-732-CD,wind_forecast_stwpf_mw,SYSTEM,2024-07-15 12:00:00+00:00,14800.0,MW,forecast,True,['forecast_not_actual'],SYNTHETIC-STRESS-001
NP4-732-CD,wind_forecast_wgrpp_mw,SYSTEM,2024-07-15 12:00:00+00:00,14400.0,MW,forecast,True,['forecast_not_actual'],SYNTHETIC-STRESS-001
NP4-732-CD,wind_gen_mw,SYSTEM,2024-07-15 13:00:00+00:00,15000.0,MW,actual,True,[],SYNTHETIC-STRESS-001
NP4-732-CD,wind_forecast_stwpf_mw,SYSTEM,2024-07-15 13:00:00+00:00,14800.0,MW,forecast,True,['forecast_not_actual'],SYNTHETIC-STRESS-001
NP4-732-CD,wind_forecast_wgrpp_mw,SYSTEM,2024-07-15 13:00:00+00:00,14400.0,MW,forecast,True,['forecast_not_actual'],SYNTHETIC-STRESS-001
NP4-732-CD,wind_gen_mw,SYSTEM,2024-07-15 14:00:00+00:00,15000.0,MW,actual,True,[],SYNTHETIC-STRESS-001
NP4-732-CD,wind_forecast_stwpf_mw,SYSTEM,2024-07-15 14:00:00+00:00,14800.0,MW,forecast,True,['forecast_not_actual'],SYNTHETIC-STRESS-001
NP4-732-CD,wind_forecast_wgrpp_mw,SYSTEM,2024-07-15 14:00:00+00:00,14400.0,MW,forecast,True,['forecast_not_actual'],SYNTHETIC-STRESS-001
NP4-732-CD,wind_gen_mw,SYSTEM,2024-07-15 15:00:00+00:00,15000.0,MW,actual,True,[],SYNTHETIC-STRESS-001
NP4-732-CD,wind_forecast_stwpf_mw,SYSTEM,2024-07-15 15:00:00+00:00,14800.0,MW,forecast,True,['forecast_not_actual'],SYNTHETIC-STRESS-001
NP4-732-CD,wind_forecast_wgrpp_mw,SYSTEM,2024-07-15 15:00:00+00:00,14400.0,MW,forecast,True,['forecast_not_actual'],SYNTHETIC-STRESS-001
NP4-732-CD,wind_gen_mw,SYSTEM,2024-07-15 16:00:00+00:00,15000.0,MW,actual,True,[],SYNTHETIC-STRESS-001
NP4-732-CD,wind_forecast_stwpf_mw,SYSTEM,2024-07-15 16:00:00+00:00,14800.0,MW,forecast,True,['forecast_not_actual'],SYNTHETIC-STRESS-001
NP4-732-CD,wind_forecast_wgrpp_mw,SYSTEM,2024-07-15 16:00:00+00:00,14400.0,MW,forecast,True,['forecast_not_actual'],SYNTHETIC-STRESS-001
NP4-732-CD,wind_gen_mw,SYSTEM,2024-07-15 17:00:00+00:00,15000.0,MW,actual,True,[],SYNTHETIC-STRESS-001
NP4-732-CD,wind_forecast_stwpf_mw,SYSTEM,2024-07-15 17:00:00+00:00,14800.0,MW,forecast,True,['forecast_not_actual'],SYNTHETIC-STRESS-001
NP4-732-CD,wind_forecast_wgrpp_mw,SYSTEM,2024-07-15 17:00:00+00:00,14400.0,MW,forecast,True,['forecast_not_actual'],SYNTHETIC-STRESS-001
NP4-732-CD,wind_gen_mw,SYSTEM,2024-07-15 18:00:00+00:00,15000.0,MW,actual,True,[],SYNTHETIC-STRESS-001
NP4-732-CD,wind_forecast_stwpf_mw,SYSTEM,2024-07-15 18:00:00+00:00,14800.0,MW,forecast,True,['forecast_not_actual'],SYNTHETIC-STRESS-001
NP4-732-CD,wind_forecast_wgrpp_mw,SYSTEM,2024-07-15 18:00:00+00:00,14400.0,MW,forecast,True,['forecast_not_actual'],SYNTHETIC-STRESS-001
NP4-732-CD,wind_gen_mw,SYSTEM,2024-07-15 19:00:00+00:00,15000.0,MW,actual,True,[],SYNTHETIC-STRESS-001
NP4-732-CD,wind_forecast_stwpf_mw,SYSTEM,2024-07-15 19:00:00+00:00,14800.0,MW,forecast,True,['forecast_not_actual'],SYNTHETIC-STRESS-001
NP4-732-CD,wind_forecast_wgrpp_mw,SYSTEM,2024-07-15 19:00:00+00:00,14400.0,MW,forecast,True,['forecast_not_actual'],SYNTHETIC-STRESS-001
NP4-732-CD,wind_gen_mw,SYSTEM,2024-07-15 20:00:00+00:00,15000.0,MW,actual,True,[],SYNTHETIC-STRESS-001
NP4-732-CD,wind_forecast_stwpf_mw,SYSTEM,2024-07-15 20:00:00+00:00,14800.0,MW,forecast,True,['forecast_not_actual'],SYNTHETIC-STRESS-001
NP4-732-CD,wind_forecast_wgrpp_mw,SYSTEM,2024-07-15 20:00:00+00:00,14400.0,MW,forecast,True,['forecast_not_actual'],SYNTHETIC-STRESS-001
NP4-732-CD,wind_gen_mw,SYSTEM,2024-07-15 21:00:00+00:00,15000.0,MW,actual,True,[],SYNTHETIC-STRESS-001
NP4-732-CD,wind_forecast_stwpf_mw,SYSTEM,2024-07-15 21:00:00+00:00,14800.0,MW,forecast,True,['forecast_not_actual'],SYNTHETIC-STRESS-001
NP4-732-CD,wind_forecast_wgrpp_mw,SYSTEM,2024-07-15 21:00:00+00:00,14400.0,MW,forecast,True,['forecast_not_actual'],SYNTHETIC-STRESS-001
NP4-732-CD,wind_gen_mw,SYSTEM,2024-07-15 22:00:00+00:00,15000.0,MW,actual,True,[],SYNTHETIC-STRESS-001
NP4-732-CD,wind_forecast_stwpf_mw,SYSTEM,2024-07-15 22:00:00+00:00,14800.0,MW,forecast,True,['forecast_not_actual'],SYNTHETIC-STRESS-001
NP4-732-CD,wind_forecast_wgrpp_mw,SYSTEM,2024-07-15 22:00:00+00:00,14400.0,MW,forecast,True,['forecast_not_actual'],SYNTHETIC-STRESS-001
NP4-732-CD,wind_gen_mw,SYSTEM,2024-07-15 23:00:00+00:00,15000.0,MW,actual,True,[],SYNTHETIC-STRESS-001
NP4-732-CD,wind_forecast_stwpf_mw,SYSTEM,2024-07-15 23:00:00+00:00,14800.0,MW,forecast,True,['forecast_not_actual'],SYNTHETIC-STRESS-001
NP4-732-CD,wind_forecast_wgrpp_mw,SYSTEM,2024-07-15 23:00:00+00:00,14400.0,MW,forecast,True,['forecast_not_actual'],SYNTHETIC-STRESS-001
NP4-732-CD,wind_gen_mw,SYSTEM,2024-07-16 00:00:00+00:00,3200.0,MW,actual,True,[],SYNTHETIC-STRESS-001
NP4-732-CD,wind_forecast_stwpf_mw,SYSTEM,2024-07-16 00:00:00+00:00,14800.0,MW,forecast,True,['forecast_not_actual'],SYNTHETIC-STRESS-001
NP4-732-CD,wind_forecast_wgrpp_mw,SYSTEM,2024-07-16 00:00:00+00:00,14400.0,MW,forecast,True,['forecast_not_actual'],SYNTHETIC-STRESS-001
NP4-732-CD,wind_gen_mw,SYSTEM,2024-07-16 01:00:00+00:00,3200.0,MW,actual,True,[],SYNTHETIC-STRESS-001
NP4-732-CD,wind_forecast_stwpf_mw,SYSTEM,2024-07-16 01:00:00+00:00,14800.0,MW,forecast,True,['forecast_not_actual'],SYNTHETIC-STRESS-001
NP4-732-CD,wind_forecast_wgrpp_mw,SYSTEM,2024-07-16 01:00:00+00:00,14400.0,MW,forecast,True,['forecast_not_actual'],SYNTHETIC-STRESS-001
NP4-732-CD,wind_gen_mw,SYSTEM,2024-07-16 02:00:00+00:00,3200.0,MW,actual,True,[],SYNTHETIC-STRESS-001
NP4-732-CD,wind_forecast_stwpf_mw,SYSTEM,2024-07-16 02:00:00+00:00,14800.0,MW,forecast,True,['forecast_not_actual'],SYNTHETIC-STRESS-001
NP4-732-CD,wind_forecast_wgrpp_mw,SYSTEM,2024-07-16 02:00:00+00:00,14400.0,MW,forecast,True,['forecast_not_actual'],SYNTHETIC-STRESS-001
NP4-732-CD,wind_gen_mw,SYSTEM,2024-07-16 03:00:00+00:00,15000.0,MW,actual,True,[],SYNTHETIC-STRESS-001
NP4-732-CD,wind_forecast_stwpf_mw,SYSTEM,2024-07-16 03:00:00+00:00,14800.0,MW,forecast,True,['forecast_not_actual'],SYNTHETIC-STRESS-001
NP4-732-CD,wind_forecast_wgrpp_mw,SYSTEM,2024-07-16 03:00:00+00:00,14400.0,MW,forecast,True,['forecast_not_actual'],SYNTHETIC-STRESS-001
NP4-732-CD,wind_gen_mw,SYSTEM,2024-07-16 04:00:00+00:00,15000.0,MW,actual,True,[],SYNTHETIC-STRESS-001
NP4-732-CD,wind_forecast_stwpf_mw,SYSTEM,2024-07-16 04:00:00+00:00,14800.0,MW,forecast,True,['forecast_not_actual'],SYNTHETIC-STRESS-001
NP4-732-CD,wind_forecast_wgrpp_mw,SYSTEM,2024-07-16 04:00:00+00:00,14400.0,MW,forecast,True,['forecast_not_actual'],SYNTHETIC-STRESS-001
NP4-732-CD,wind_gen_mw,SYSTEM,2024-07-16 05:00:00+00:00,15000.0,MW,actual,True,[],SYNTHETIC-STRESS-001
NP4-732-CD,wind_forecast_stwpf_mw,SYSTEM,2024-07-16 05:00:00+00:00,14800.0,MW,forecast,True,['forecast_not_actual'],SYNTHETIC-STRESS-001
NP4-732-CD,wind_forecast_wgrpp_mw,SYSTEM,2024-07-16 05:00:00+00:00,14400.0,MW,forecast,True,['forecast_not_actual'],SYNTHETIC-STRESS-001
NP4-732-CD,wind_gen_mw,SYSTEM,2024-07-16 06:00:00+00:00,15000.0,MW,actual,True,[],SYNTHETIC-STRESS-001
NP4-732-CD,wind_forecast_stwpf_mw,SYSTEM,2024-07-16 06:00:00+00:00,14800.0,MW,forecast,True,['forecast_not_actual'],SYNTHETIC-STRESS-001
NP4-732-CD,wind_forecast_wgrpp_mw,SYSTEM,2024-07-16 06:00:00+00:00,14400.0,MW,forecast,True,['forecast_not_actual'],SYNTHETIC-STRESS-001
NP4-732-CD,wind_gen_mw,SYSTEM,2024-07-16 07:00:00+00:00,15000.0,MW,actual,True,[],SYNTHETIC-STRESS-001
NP4-732-CD,wind_forecast_stwpf_mw,SYSTEM,2024-07-16 07:00:00+00:00,14800.0,MW,forecast,True,['forecast_not_actual'],SYNTHETIC-STRESS-001
NP4-732-CD,wind_forecast_wgrpp_mw,SYSTEM,2024-07-16 07:00:00+00:00,14400.0,MW,forecast,True,['forecast_not_actual'],SYNTHETIC-STRESS-001
NP4-732-CD,wind_gen_mw,SYSTEM,2024-07-16 08:00:00+00:00,15000.0,MW,actual,True,[],SYNTHETIC-STRESS-001
NP4-732-CD,wind_forecast_stwpf_mw,SYSTEM,2024-07-16 08:00:00+00:00,14800.0,MW,forecast,True,['forecast_not_actual'],SYNTHETIC-STRESS-001
NP4-732-CD,wind_forecast_wgrpp_mw,SYSTEM,2024-07-16 08:00:00+00:00,14400.0,MW,forecast,True,['forecast_not_actual'],SYNTHETIC-STRESS-001
NP4-732-CD,wind_gen_mw,SYSTEM,2024-07-16 09:00:00+00:00,15000.0,MW,actual,True,[],SYNTHETIC-STRESS-001
NP4-732-CD,wind_forecast_stwpf_mw,SYSTEM,2024-07-16 09:00:00+00:00,14800.0,MW,forecast,True,['forecast_not_actual'],SYNTHETIC-STRESS-001
NP4-732-CD,wind_forecast_wgrpp_mw,SYSTEM,2024-07-16 09:00:00+00:00,14400.0,MW,forecast,True,['forecast_not_actual'],SYNTHETIC-STRESS-001
NP4-732-CD,wind_gen_mw,SYSTEM,2024-07-16 10:00:00+00:00,15000.0,MW,actual,True,[],SYNTHETIC-STRESS-001
NP4-732-CD,wind_forecast_stwpf_mw,SYSTEM,2024-07-16 10:00:00+00:00,14800.0,MW,forecast,True,['forecast_not_actual'],SYNTHETIC-STRESS-001
NP4-732-CD,wind_forecast_wgrpp_mw,SYSTEM,2024-07-16 10:00:00+00:00,14400.0,MW,forecast,True,['forecast_not_actual'],SYNTHETIC-STRESS-001
NP4-732-CD,wind_gen_mw,SYSTEM,2024-07-16 11:00:00+00:00,15000.0,MW,actual,True,[],SYNTHETIC-STRESS-001
NP4-732-CD,wind_forecast_stwpf_mw,SYSTEM,2024-07-16 11:00:00+00:00,14800.0,MW,forecast,True,['forecast_not_actual'],SYNTHETIC-STRESS-001
NP4-732-CD,wind_forecast_wgrpp_mw,SYSTEM,2024-07-16 11:00:00+00:00,14400.0,MW,forecast,True,['forecast_not_actual'],SYNTHETIC-STRESS-001
NP4-732-CD,wind_gen_mw,SYSTEM,2024-07-16 12:00:00+00:00,15000.0,MW,actual,True,[],SYNTHETIC-STRESS-001
NP4-732-CD,wind_forecast_stwpf_mw,SYSTEM,2024-07-16 12:00:00+00:00,14800.0,MW,forecast,True,['forecast_not_actual'],SYNTHETIC-STRESS-001
NP4-732-CD,wind_forecast_wgrpp_mw,SYSTEM,2024-07-16 12:00:00+00:00,14400.0,MW,forecast,True,['forecast_not_actual'],SYNTHETIC-STRESS-001
NP4-732-CD,wind_gen_mw,SYSTEM,2024-07-16 13:00:00+00:00,15000.0,MW,actual,True,[],SYNTHETIC-STRESS-001
NP4-732-CD,wind_forecast_stwpf_mw,SYSTEM,2024-07-16 13:00:00+00:00,14800.0,MW,forecast,True,['forecast_not_actual'],SYNTHETIC-STRESS-001
NP4-732-CD,wind_forecast_wgrpp_mw,SYSTEM,2024-07-16 13:00:00+00:00,14400.0,MW,forecast,True,['forecast_not_actual'],SYNTHETIC-STRESS-001
NP4-732-CD,wind_gen_mw,SYSTEM,2024-07-16 14:00:00+00:00,15000.0,MW,actual,True,[],SYNTHETIC-STRESS-001
NP4-732-CD,wind_forecast_stwpf_mw,SYSTEM,2024-07-16 14:00:00+00:00,14800.0,MW,forecast,True,['forecast_not_actual'],SYNTHETIC-STRESS-001
NP4-732-CD,wind_forecast_wgrpp_mw,SYSTEM,2024-07-16 14:00:00+00:00,14400.0,MW,forecast,True,['forecast_not_actual'],SYNTHETIC-STRESS-001
NP4-732-CD,wind_gen_mw,SYSTEM,2024-07-16 15:00:00+00:00,15000.0,MW,actual,True,[],SYNTHETIC-STRESS-001
NP4-732-CD,wind_forecast_stwpf_mw,SYSTEM,2024-07-16 15:00:00+00:00,14800.0,MW,forecast,True,['forecast_not_actual'],SYNTHETIC-STRESS-001
NP4-732-CD,wind_forecast_wgrpp_mw,SYSTEM,2024-07-16 15:00:00+00:00,14400.0,MW,forecast,True,['forecast_not_actual'],SYNTHETIC-STRESS-001
NP4-732-CD,wind_gen_mw,SYSTEM,2024-07-16 16:00:00+00:00,15000.0,MW,actual,True,[],SYNTHETIC-STRESS-001
NP4-732-CD,wind_forecast_stwpf_mw,SYSTEM,2024-07-16 16:00:00+00:00,14800.0,MW,forecast,True,['forecast_not_actual'],SYNTHETIC-STRESS-001
NP4-732-CD,wind_forecast_wgrpp_mw,SYSTEM,2024-07-16 16:00:00+00:00,14400.0,MW,forecast,True,['forecast_not_actual'],SYNTHETIC-STRESS-001
NP4-732-CD,wind_gen_mw,SYSTEM,2024-07-16 17:00:00+00:00,15000.0,MW,actual,True,[],SYNTHETIC-STRESS-001
NP4-732-CD,wind_forecast_stwpf_mw,SYSTEM,2024-07-16 17:00:00+00:00,14800.0,MW,forecast,True,['forecast_not_actual'],SYNTHETIC-STRESS-001
NP4-732-CD,wind_forecast_wgrpp_mw,SYSTEM,2024-07-16 17:00:00+00:00,14400.0,MW,forecast,True,['forecast_not_actual'],SYNTHETIC-STRESS-001
NP4-732-CD,wind_gen_mw,SYSTEM,2024-07-16 18:00:00+00:00,15000.0,MW,actual,True,[],SYNTHETIC-STRESS-001
NP4-732-CD,wind_forecast_stwpf_mw,SYSTEM,2024-07-16 18:00:00+00:00,14800.0,MW,forecast,True,['forecast_not_actual'],SYNTHETIC-STRESS-001
NP4-732-CD,wind_forecast_wgrpp_mw,SYSTEM,2024-07-16 18:00:00+00:00,14400.0,MW,forecast,True,['forecast_not_actual'],SYNTHETIC-STRESS-001
NP4-732-CD,wind_gen_mw,SYSTEM,2024-07-16 19:00:00+00:00,15000.0,MW,actual,True,[],SYNTHETIC-STRESS-001
NP4-732-CD,wind_forecast_stwpf_mw,SYSTEM,2024-07-16 19:00:00+00:00,14800.0,MW,forecast,True,['forecast_not_actual'],SYNTHETIC-STRESS-001
NP4-732-CD,wind_forecast_wgrpp_mw,SYSTEM,2024-07-16 19:00:00+00:00,14400.0,MW,forecast,True,['forecast_not_actual'],SYNTHETIC-STRESS-001
NP4-732-CD,wind_gen_mw,SYSTEM,2024-07-16 20:00:00+00:00,15000.0,MW,actual,True,[],SYNTHETIC-STRESS-001
NP4-732-CD,wind_forecast_stwpf_mw,SYSTEM,2024-07-16 20:00:00+00:00,14800.0,MW,forecast,True,['forecast_not_actual'],SYNTHETIC-STRESS-001
NP4-732-CD,wind_forecast_wgrpp_mw,SYSTEM,2024-07-16 20:00:00+00:00,14400.0,MW,forecast,True,['forecast_not_actual'],SYNTHETIC-STRESS-001
NP4-732-CD,wind_gen_mw,SYSTEM,2024-07-16 21:00:00+00:00,15000.0,MW,actual,True,[],SYNTHETIC-STRESS-001
NP4-732-CD,wind_forecast_stwpf_mw,SYSTEM,2024-07-16 21:00:00+00:00,14800.0,MW,forecast,True,['forecast_not_actual'],SYNTHETIC-STRESS-001
NP4-732-CD,wind_forecast_wgrpp_mw,SYSTEM,2024-07-16 21:00:00+00:00,14400.0,MW,forecast,True,['forecast_not_actual'],SYNTHETIC-STRESS-001
NP4-732-CD,wind_gen_mw,SYSTEM,2024-07-16 22:00:00+00:00,15000.0,MW,actual,True,[],SYNTHETIC-STRESS-001
NP4-732-CD,wind_forecast_stwpf_mw,SYSTEM,2024-07-16 22:00:00+00:00,14800.0,MW,forecast,True,['forecast_not_actual'],SYNTHETIC-STRESS-001
NP4-732-CD,wind_forecast_wgrpp_mw,SYSTEM,2024-07-16 22:00:00+00:00,14400.0,MW,forecast,True,['forecast_not_actual'],SYNTHETIC-STRESS-001
NP4-732-CD,wind_gen_mw,SYSTEM,2024-07-16 23:00:00+00:00,15000.0,MW,actual,True,[],SYNTHETIC-STRESS-001
NP4-732-CD,wind_forecast_stwpf_mw,SYSTEM,2024-07-16 23:00:00+00:00,14800.0,MW,forecast,True,['forecast_not_actual'],SYNTHETIC-STRESS-001
NP4-732-CD,wind_forecast_wgrpp_mw,SYSTEM,2024-07-16 23:00:00+00:00,14400.0,MW,forecast,True,['forecast_not_actual'],SYNTHETIC-STRESS-001
NP4-732-CD,wind_gen_mw,SYSTEM,2024-07-17 00:00:00+00:00,15000.0,MW,actual,True,[],SYNTHETIC-STRESS-001
NP4-732-CD,wind_forecast_stwpf_mw,SYSTEM,2024-07-17 00:00:00+00:00,14800.0,MW,forecast,True,['forecast_not_actual'],SYNTHETIC-STRESS-001
NP4-732-CD,wind_forecast_wgrpp_mw,SYSTEM,2024-07-17 00:00:00+00:00,14400.0,MW,forecast,True,['forecast_not_actual'],SYNTHETIC-STRESS-001
NP4-732-CD,wind_gen_mw,SYSTEM,2024-07-17 01:00:00+00:00,15000.0,MW,actual,True,[],SYNTHETIC-STRESS-001
NP4-732-CD,wind_forecast_stwpf_mw,SYSTEM,2024-07-17 01:00:00+00:00,14800.0,MW,forecast,True,['forecast_not_actual'],SYNTHETIC-STRESS-001
NP4-732-CD,wind_forecast_wgrpp_mw,SYSTEM,2024-07-17 01:00:00+00:00,14400.0,MW,forecast,True,['forecast_not_actual'],SYNTHETIC-STRESS-001
NP4-732-CD,wind_gen_mw,SYSTEM,2024-07-17 02:00:00+00:00,15000.0,MW,actual,True,[],SYNTHETIC-STRESS-001
NP4-732-CD,wind_forecast_stwpf_mw,SYSTEM,2024-07-17 02:00:00+00:00,14800.0,MW,forecast,True,['forecast_not_actual'],SYNTHETIC-STRESS-001
NP4-732-CD,wind_forecast_wgrpp_mw,SYSTEM,2024-07-17 02:00:00+00:00,14400.0,MW,forecast,True,['forecast_not_actual'],SYNTHETIC-STRESS-001
NP4-732-CD,wind_gen_mw,SYSTEM,2024-07-17 03:00:00+00:00,15000.0,MW,actual,True,[],SYNTHETIC-STRESS-001
NP4-732-CD,wind_forecast_stwpf_mw,SYSTEM,2024-07-17 03:00:00+00:00,14800.0,MW,forecast,True,['forecast_not_actual'],SYNTHETIC-STRESS-001
NP4-732-CD,wind_forecast_wgrpp_mw,SYSTEM,2024-07-17 03:00:00+00:00,14400.0,MW,forecast,True,['forecast_not_actual'],SYNTHETIC-STRESS-001
NP4-732-CD,wind_gen_mw,SYSTEM,2024-07-17 04:00:00+00:00,15000.0,MW,actual,True,[],SYNTHETIC-STRESS-001
NP4-732-CD,wind_forecast_stwpf_mw,SYSTEM,2024-07-17 04:00:00+00:00,14800.0,MW,forecast,True,['forecast_not_actual'],SYNTHETIC-STRESS-001
NP4-732-CD,wind_forecast_wgrpp_mw,SYSTEM,2024-07-17 04:00:00+00:00,14400.0,MW,forecast,True,['forecast_not_actual'],SYNTHETIC-STRESS-001
NP4-732-CD,wind_gen_mw,SYSTEM,2024-07-17 05:00:00+00:00,15000.0,MW,actual,True,[],SYNTHETIC-STRESS-001
NP4-732-CD,wind_forecast_stwpf_mw,SYSTEM,2024-07-17 05:00:00+00:00,14800.0,MW,forecast,True,['forecast_not_actual'],SYNTHETIC-STRESS-001
NP4-732-CD,wind_forecast_wgrpp_mw,SYSTEM,2024-07-17 05:00:00+00:00,14400.0,MW,forecast,True,['forecast_not_actual'],SYNTHETIC-STRESS-001
NP4-737-CD,solar_gen_mw,SYSTEM,2024-07-15 06:00:00+00:00,0.0,MW,actual,True,[],SYNTHETIC-STRESS-001
NP4-737-CD,solar_forecast_stppf_mw,SYSTEM,2024-07-15 06:00:00+00:00,0.0,MW,forecast,True,['forecast_not_actual'],SYNTHETIC-STRESS-001
NP4-737-CD,solar_forecast_pvgrpp_mw,SYSTEM,2024-07-15 06:00:00+00:00,0.0,MW,forecast,True,['forecast_not_actual'],SYNTHETIC-STRESS-001
NP4-737-CD,solar_gen_mw,SYSTEM,2024-07-15 07:00:00+00:00,0.0,MW,actual,True,[],SYNTHETIC-STRESS-001
NP4-737-CD,solar_forecast_stppf_mw,SYSTEM,2024-07-15 07:00:00+00:00,0.0,MW,forecast,True,['forecast_not_actual'],SYNTHETIC-STRESS-001
NP4-737-CD,solar_forecast_pvgrpp_mw,SYSTEM,2024-07-15 07:00:00+00:00,0.0,MW,forecast,True,['forecast_not_actual'],SYNTHETIC-STRESS-001
NP4-737-CD,solar_gen_mw,SYSTEM,2024-07-15 08:00:00+00:00,0.0,MW,actual,True,[],SYNTHETIC-STRESS-001
NP4-737-CD,solar_forecast_stppf_mw,SYSTEM,2024-07-15 08:00:00+00:00,0.0,MW,forecast,True,['forecast_not_actual'],SYNTHETIC-STRESS-001
NP4-737-CD,solar_forecast_pvgrpp_mw,SYSTEM,2024-07-15 08:00:00+00:00,0.0,MW,forecast,True,['forecast_not_actual'],SYNTHETIC-STRESS-001
NP4-737-CD,solar_gen_mw,SYSTEM,2024-07-15 09:00:00+00:00,0.0,MW,actual,True,[],SYNTHETIC-STRESS-001
NP4-737-CD,solar_forecast_stppf_mw,SYSTEM,2024-07-15 09:00:00+00:00,0.0,MW,forecast,True,['forecast_not_actual'],SYNTHETIC-STRESS-001
NP4-737-CD,solar_forecast_pvgrpp_mw,SYSTEM,2024-07-15 09:00:00+00:00,0.0,MW,forecast,True,['forecast_not_actual'],SYNTHETIC-STRESS-001
NP4-737-CD,solar_gen_mw,SYSTEM,2024-07-15 10:00:00+00:00,0.0,MW,actual,True,[],SYNTHETIC-STRESS-001
NP4-737-CD,solar_forecast_stppf_mw,SYSTEM,2024-07-15 10:00:00+00:00,0.0,MW,forecast,True,['forecast_not_actual'],SYNTHETIC-STRESS-001
NP4-737-CD,solar_forecast_pvgrpp_mw,SYSTEM,2024-07-15 10:00:00+00:00,0.0,MW,forecast,True,['forecast_not_actual'],SYNTHETIC-STRESS-001
NP4-737-CD,solar_gen_mw,SYSTEM,2024-07-15 11:00:00+00:00,0.0,MW,actual,True,[],SYNTHETIC-STRESS-001
NP4-737-CD,solar_forecast_stppf_mw,SYSTEM,2024-07-15 11:00:00+00:00,0.0,MW,forecast,True,['forecast_not_actual'],SYNTHETIC-STRESS-001
NP4-737-CD,solar_forecast_pvgrpp_mw,SYSTEM,2024-07-15 11:00:00+00:00,0.0,MW,forecast,True,['forecast_not_actual'],SYNTHETIC-STRESS-001
NP4-737-CD,solar_gen_mw,SYSTEM,2024-07-15 12:00:00+00:00,2002.7,MW,actual,True,[],SYNTHETIC-STRESS-001
NP4-737-CD,solar_forecast_stppf_mw,SYSTEM,2024-07-15 12:00:00+00:00,2002.7,MW,forecast,True,['forecast_not_actual'],SYNTHETIC-STRESS-001
NP4-737-CD,solar_forecast_pvgrpp_mw,SYSTEM,2024-07-15 12:00:00+00:00,1802.7,MW,forecast,True,['forecast_not_actual'],SYNTHETIC-STRESS-001
NP4-737-CD,solar_gen_mw,SYSTEM,2024-07-15 13:00:00+00:00,3905.0,MW,actual,True,[],SYNTHETIC-STRESS-001
NP4-737-CD,solar_forecast_stppf_mw,SYSTEM,2024-07-15 13:00:00+00:00,3905.0,MW,forecast,True,['forecast_not_actual'],SYNTHETIC-STRESS-001
NP4-737-CD,solar_forecast_pvgrpp_mw,SYSTEM,2024-07-15 13:00:00+00:00,3705.0,MW,forecast,True,['forecast_not_actual'],SYNTHETIC-STRESS-001
NP4-737-CD,solar_gen_mw,SYSTEM,2024-07-15 14:00:00+00:00,5611.4,MW,actual,True,[],SYNTHETIC-STRESS-001
NP4-737-CD,solar_forecast_stppf_mw,SYSTEM,2024-07-15 14:00:00+00:00,5611.4,MW,forecast,True,['forecast_not_actual'],SYNTHETIC-STRESS-001
NP4-737-CD,solar_forecast_pvgrpp_mw,SYSTEM,2024-07-15 14:00:00+00:00,5411.4,MW,forecast,True,['forecast_not_actual'],SYNTHETIC-STRESS-001
NP4-737-CD,solar_gen_mw,SYSTEM,2024-07-15 15:00:00+00:00,7036.5,MW,actual,True,[],SYNTHETIC-STRESS-001
NP4-737-CD,solar_forecast_stppf_mw,SYSTEM,2024-07-15 15:00:00+00:00,7036.5,MW,forecast,True,['forecast_not_actual'],SYNTHETIC-STRESS-001
NP4-737-CD,solar_forecast_pvgrpp_mw,SYSTEM,2024-07-15 15:00:00+00:00,6836.5,MW,forecast,True,['forecast_not_actual'],SYNTHETIC-STRESS-001
NP4-737-CD,solar_gen_mw,SYSTEM,2024-07-15 16:00:00+00:00,8108.7,MW,actual,True,[],SYNTHETIC-STRESS-001
NP4-737-CD,solar_forecast_stppf_mw,SYSTEM,2024-07-15 16:00:00+00:00,8108.7,MW,forecast,True,['forecast_not_actual'],SYNTHETIC-STRESS-001
NP4-737-CD,solar_forecast_pvgrpp_mw,SYSTEM,2024-07-15 16:00:00+00:00,7908.7,MW,forecast,True,['forecast_not_actual'],SYNTHETIC-STRESS-001
NP4-737-CD,solar_gen_mw,SYSTEM,2024-07-15 17:00:00+00:00,8774.4,MW,actual,True,[],SYNTHETIC-STRESS-001
NP4-737-CD,solar_forecast_stppf_mw,SYSTEM,2024-07-15 17:00:00+00:00,8774.4,MW,forecast,True,['forecast_not_actual'],SYNTHETIC-STRESS-001
NP4-737-CD,solar_forecast_pvgrpp_mw,SYSTEM,2024-07-15 17:00:00+00:00,8574.4,MW,forecast,True,['forecast_not_actual'],SYNTHETIC-STRESS-001
NP4-737-CD,solar_gen_mw,SYSTEM,2024-07-15 18:00:00+00:00,9000.0,MW,actual,True,[],SYNTHETIC-STRESS-001
NP4-737-CD,solar_forecast_stppf_mw,SYSTEM,2024-07-15 18:00:00+00:00,9000.0,MW,forecast,True,['forecast_not_actual'],SYNTHETIC-STRESS-001
NP4-737-CD,solar_forecast_pvgrpp_mw,SYSTEM,2024-07-15 18:00:00+00:00,8800.0,MW,forecast,True,['forecast_not_actual'],SYNTHETIC-STRESS-001
NP4-737-CD,solar_gen_mw,SYSTEM,2024-07-15 19:00:00+00:00,8774.4,MW,actual,True,[],SYNTHETIC-STRESS-001
NP4-737-CD,solar_forecast_stppf_mw,SYSTEM,2024-07-15 19:00:00+00:00,8774.4,MW,forecast,True,['forecast_not_actual'],SYNTHETIC-STRESS-001
NP4-737-CD,solar_forecast_pvgrpp_mw,SYSTEM,2024-07-15 19:00:00+00:00,8574.4,MW,forecast,True,['forecast_not_actual'],SYNTHETIC-STRESS-001
NP4-737-CD,solar_gen_mw,SYSTEM,2024-07-15 20:00:00+00:00,8108.7,MW,actual,True,[],SYNTHETIC-STRESS-001
NP4-737-CD,solar_forecast_stppf_mw,SYSTEM,2024-07-15 20:00:00+00:00,8108.7,MW,forecast,True,['forecast_not_actual'],SYNTHETIC-STRESS-001
NP4-737-CD,solar_forecast_pvgrpp_mw,SYSTEM,2024-07-15 20:00:00+00:00,7908.7,MW,forecast,True,['forecast_not_actual'],SYNTHETIC-STRESS-001
NP4-737-CD,solar_gen_mw,SYSTEM,2024-07-15 21:00:00+00:00,7036.5,MW,actual,True,[],SYNTHETIC-STRESS-001
NP4-737-CD,solar_forecast_stppf_mw,SYSTEM,2024-07-15 21:00:00+00:00,7036.5,MW,forecast,True,['forecast_not_actual'],SYNTHETIC-STRESS-001
NP4-737-CD,solar_forecast_pvgrpp_mw,SYSTEM,2024-07-15 21:00:00+00:00,6836.5,MW,forecast,True,['forecast_not_actual'],SYNTHETIC-STRESS-001
NP4-737-CD,solar_gen_mw,SYSTEM,2024-07-15 22:00:00+00:00,5611.4,MW,actual,True,[],SYNTHETIC-STRESS-001
NP4-737-CD,solar_forecast_stppf_mw,SYSTEM,2024-07-15 22:00:00+00:00,5611.4,MW,forecast,True,['forecast_not_actual'],SYNTHETIC-STRESS-001
NP4-737-CD,solar_forecast_pvgrpp_mw,SYSTEM,2024-07-15 22:00:00+00:00,5411.4,MW,forecast,True,['forecast_not_actual'],SYNTHETIC-STRESS-001
NP4-737-CD,solar_gen_mw,SYSTEM,2024-07-15 23:00:00+00:00,3905.0,MW,actual,True,[],SYNTHETIC-STRESS-001
NP4-737-CD,solar_forecast_stppf_mw,SYSTEM,2024-07-15 23:00:00+00:00,3905.0,MW,forecast,True,['forecast_not_actual'],SYNTHETIC-STRESS-001
NP4-737-CD,solar_forecast_pvgrpp_mw,SYSTEM,2024-07-15 23:00:00+00:00,3705.0,MW,forecast,True,['forecast_not_actual'],SYNTHETIC-STRESS-001
NP4-737-CD,solar_gen_mw,SYSTEM,2024-07-16 00:00:00+00:00,2002.7,MW,actual,True,[],SYNTHETIC-STRESS-001
NP4-737-CD,solar_forecast_stppf_mw,SYSTEM,2024-07-16 00:00:00+00:00,2002.7,MW,forecast,True,['forecast_not_actual'],SYNTHETIC-STRESS-001
NP4-737-CD,solar_forecast_pvgrpp_mw,SYSTEM,2024-07-16 00:00:00+00:00,1802.7,MW,forecast,True,['forecast_not_actual'],SYNTHETIC-STRESS-001
NP4-737-CD,solar_gen_mw,SYSTEM,2024-07-16 01:00:00+00:00,0.0,MW,actual,True,[],SYNTHETIC-STRESS-001
NP4-737-CD,solar_forecast_stppf_mw,SYSTEM,2024-07-16 01:00:00+00:00,0.0,MW,forecast,True,['forecast_not_actual'],SYNTHETIC-STRESS-001
NP4-737-CD,solar_forecast_pvgrpp_mw,SYSTEM,2024-07-16 01:00:00+00:00,0.0,MW,forecast,True,['forecast_not_actual'],SYNTHETIC-STRESS-001
NP4-737-CD,solar_gen_mw,SYSTEM,2024-07-16 02:00:00+00:00,0.0,MW,actual,True,[],SYNTHETIC-STRESS-001
NP4-737-CD,solar_forecast_stppf_mw,SYSTEM,2024-07-16 02:00:00+00:00,0.0,MW,forecast,True,['forecast_not_actual'],SYNTHETIC-STRESS-001
NP4-737-CD,solar_forecast_pvgrpp_mw,SYSTEM,2024-07-16 02:00:00+00:00,0.0,MW,forecast,True,['forecast_not_actual'],SYNTHETIC-STRESS-001
NP4-737-CD,solar_gen_mw,SYSTEM,2024-07-16 03:00:00+00:00,0.0,MW,actual,True,[],SYNTHETIC-STRESS-001
NP4-737-CD,solar_forecast_stppf_mw,SYSTEM,2024-07-16 03:00:00+00:00,0.0,MW,forecast,True,['forecast_not_actual'],SYNTHETIC-STRESS-001
NP4-737-CD,solar_forecast_pvgrpp_mw,SYSTEM,2024-07-16 03:00:00+00:00,0.0,MW,forecast,True,['forecast_not_actual'],SYNTHETIC-STRESS-001
NP4-737-CD,solar_gen_mw,SYSTEM,2024-07-16 04:00:00+00:00,0.0,MW,actual,True,[],SYNTHETIC-STRESS-001
NP4-737-CD,solar_forecast_stppf_mw,SYSTEM,2024-07-16 04:00:00+00:00,0.0,MW,forecast,True,['forecast_not_actual'],SYNTHETIC-STRESS-001
NP4-737-CD,solar_forecast_pvgrpp_mw,SYSTEM,2024-07-16 04:00:00+00:00,0.0,MW,forecast,True,['forecast_not_actual'],SYNTHETIC-STRESS-001
NP4-737-CD,solar_gen_mw,SYSTEM,2024-07-16 05:00:00+00:00,0.0,MW,actual,True,[],SYNTHETIC-STRESS-001
NP4-737-CD,solar_forecast_stppf_mw,SYSTEM,2024-07-16 05:00:00+00:00,0.0,MW,forecast,True,['forecast_not_actual'],SYNTHETIC-STRESS-001
NP4-737-CD,solar_forecast_pvgrpp_mw,SYSTEM,2024-07-16 05:00:00+00:00,0.0,MW,forecast,True,['forecast_not_actual'],SYNTHETIC-STRESS-001
NP4-737-CD,solar_gen_mw,SYSTEM,2024-07-16 06:00:00+00:00,0.0,MW,actual,True,[],SYNTHETIC-STRESS-001
NP4-737-CD,solar_forecast_stppf_mw,SYSTEM,2024-07-16 06:00:00+00:00,0.0,MW,forecast,True,['forecast_not_actual'],SYNTHETIC-STRESS-001
NP4-737-CD,solar_forecast_pvgrpp_mw,SYSTEM,2024-07-16 06:00:00+00:00,0.0,MW,forecast,True,['forecast_not_actual'],SYNTHETIC-STRESS-001
NP4-737-CD,solar_gen_mw,SYSTEM,2024-07-16 07:00:00+00:00,0.0,MW,actual,True,[],SYNTHETIC-STRESS-001
NP4-737-CD,solar_forecast_stppf_mw,SYSTEM,2024-07-16 07:00:00+00:00,0.0,MW,forecast,True,['forecast_not_actual'],SYNTHETIC-STRESS-001
NP4-737-CD,solar_forecast_pvgrpp_mw,SYSTEM,2024-07-16 07:00:00+00:00,0.0,MW,forecast,True,['forecast_not_actual'],SYNTHETIC-STRESS-001
NP4-737-CD,solar_gen_mw,SYSTEM,2024-07-16 08:00:00+00:00,0.0,MW,actual,True,[],SYNTHETIC-STRESS-001
NP4-737-CD,solar_forecast_stppf_mw,SYSTEM,2024-07-16 08:00:00+00:00,0.0,MW,forecast,True,['forecast_not_actual'],SYNTHETIC-STRESS-001
NP4-737-CD,solar_forecast_pvgrpp_mw,SYSTEM,2024-07-16 08:00:00+00:00,0.0,MW,forecast,True,['forecast_not_actual'],SYNTHETIC-STRESS-001
NP4-737-CD,solar_gen_mw,SYSTEM,2024-07-16 09:00:00+00:00,0.0,MW,actual,True,[],SYNTHETIC-STRESS-001
NP4-737-CD,solar_forecast_stppf_mw,SYSTEM,2024-07-16 09:00:00+00:00,0.0,MW,forecast,True,['forecast_not_actual'],SYNTHETIC-STRESS-001
NP4-737-CD,solar_forecast_pvgrpp_mw,SYSTEM,2024-07-16 09:00:00+00:00,0.0,MW,forecast,True,['forecast_not_actual'],SYNTHETIC-STRESS-001
NP4-737-CD,solar_gen_mw,SYSTEM,2024-07-16 10:00:00+00:00,0.0,MW,actual,True,[],SYNTHETIC-STRESS-001
NP4-737-CD,solar_forecast_stppf_mw,SYSTEM,2024-07-16 10:00:00+00:00,0.0,MW,forecast,True,['forecast_not_actual'],SYNTHETIC-STRESS-001
NP4-737-CD,solar_forecast_pvgrpp_mw,SYSTEM,2024-07-16 10:00:00+00:00,0.0,MW,forecast,True,['forecast_not_actual'],SYNTHETIC-STRESS-001
NP4-737-CD,solar_gen_mw,SYSTEM,2024-07-16 11:00:00+00:00,0.0,MW,actual,True,[],SYNTHETIC-STRESS-001
NP4-737-CD,solar_forecast_stppf_mw,SYSTEM,2024-07-16 11:00:00+00:00,0.0,MW,forecast,True,['forecast_not_actual'],SYNTHETIC-STRESS-001
NP4-737-CD,solar_forecast_pvgrpp_mw,SYSTEM,2024-07-16 11:00:00+00:00,0.0,MW,forecast,True,['forecast_not_actual'],SYNTHETIC-STRESS-001
NP4-737-CD,solar_gen_mw,SYSTEM,2024-07-16 12:00:00+00:00,2002.7,MW,actual,True,[],SYNTHETIC-STRESS-001
NP4-737-CD,solar_forecast_stppf_mw,SYSTEM,2024-07-16 12:00:00+00:00,2002.7,MW,forecast,True,['forecast_not_actual'],SYNTHETIC-STRESS-001
NP4-737-CD,solar_forecast_pvgrpp_mw,SYSTEM,2024-07-16 12:00:00+00:00,1802.7,MW,forecast,True,['forecast_not_actual'],SYNTHETIC-STRESS-001
NP4-737-CD,solar_gen_mw,SYSTEM,2024-07-16 13:00:00+00:00,3905.0,MW,actual,True,[],SYNTHETIC-STRESS-001
NP4-737-CD,solar_forecast_stppf_mw,SYSTEM,2024-07-16 13:00:00+00:00,3905.0,MW,forecast,True,['forecast_not_actual'],SYNTHETIC-STRESS-001
NP4-737-CD,solar_forecast_pvgrpp_mw,SYSTEM,2024-07-16 13:00:00+00:00,3705.0,MW,forecast,True,['forecast_not_actual'],SYNTHETIC-STRESS-001
NP4-737-CD,solar_gen_mw,SYSTEM,2024-07-16 14:00:00+00:00,5611.4,MW,actual,True,[],SYNTHETIC-STRESS-001
NP4-737-CD,solar_forecast_stppf_mw,SYSTEM,2024-07-16 14:00:00+00:00,5611.4,MW,forecast,True,['forecast_not_actual'],SYNTHETIC-STRESS-001
NP4-737-CD,solar_forecast_pvgrpp_mw,SYSTEM,2024-07-16 14:00:00+00:00,5411.4,MW,forecast,True,['forecast_not_actual'],SYNTHETIC-STRESS-001
NP4-737-CD,solar_gen_mw,SYSTEM,2024-07-16 15:00:00+00:00,7036.5,MW,actual,True,[],SYNTHETIC-STRESS-001
NP4-737-CD,solar_forecast_stppf_mw,SYSTEM,2024-07-16 15:00:00+00:00,7036.5,MW,forecast,True,['forecast_not_actual'],SYNTHETIC-STRESS-001
NP4-737-CD,solar_forecast_pvgrpp_mw,SYSTEM,2024-07-16 15:00:00+00:00,6836.5,MW,forecast,True,['forecast_not_actual'],SYNTHETIC-STRESS-001
NP4-737-CD,solar_gen_mw,SYSTEM,2024-07-16 16:00:00+00:00,8108.7,MW,actual,True,[],SYNTHETIC-STRESS-001
NP4-737-CD,solar_forecast_stppf_mw,SYSTEM,2024-07-16 16:00:00+00:00,8108.7,MW,forecast,True,['forecast_not_actual'],SYNTHETIC-STRESS-001
NP4-737-CD,solar_forecast_pvgrpp_mw,SYSTEM,2024-07-16 16:00:00+00:00,7908.7,MW,forecast,True,['forecast_not_actual'],SYNTHETIC-STRESS-001
NP4-737-CD,solar_gen_mw,SYSTEM,2024-07-16 17:00:00+00:00,8774.4,MW,actual,True,[],SYNTHETIC-STRESS-001
NP4-737-CD,solar_forecast_stppf_mw,SYSTEM,2024-07-16 17:00:00+00:00,8774.4,MW,forecast,True,['forecast_not_actual'],SYNTHETIC-STRESS-001
NP4-737-CD,solar_forecast_pvgrpp_mw,SYSTEM,2024-07-16 17:00:00+00:00,8574.4,MW,forecast,True,['forecast_not_actual'],SYNTHETIC-STRESS-001
NP4-737-CD,solar_gen_mw,SYSTEM,2024-07-16 18:00:00+00:00,9000.0,MW,actual,True,[],SYNTHETIC-STRESS-001
NP4-737-CD,solar_forecast_stppf_mw,SYSTEM,2024-07-16 18:00:00+00:00,9000.0,MW,forecast,True,['forecast_not_actual'],SYNTHETIC-STRESS-001
NP4-737-CD,solar_forecast_pvgrpp_mw,SYSTEM,2024-07-16 18:00:00+00:00,8800.0,MW,forecast,True,['forecast_not_actual'],SYNTHETIC-STRESS-001
NP4-737-CD,solar_gen_mw,SYSTEM,2024-07-16 19:00:00+00:00,8774.4,MW,actual,True,[],SYNTHETIC-STRESS-001
NP4-737-CD,solar_forecast_stppf_mw,SYSTEM,2024-07-16 19:00:00+00:00,8774.4,MW,forecast,True,['forecast_not_actual'],SYNTHETIC-STRESS-001
NP4-737-CD,solar_forecast_pvgrpp_mw,SYSTEM,2024-07-16 19:00:00+00:00,8574.4,MW,forecast,True,['forecast_not_actual'],SYNTHETIC-STRESS-001
NP4-737-CD,solar_gen_mw,SYSTEM,2024-07-16 20:00:00+00:00,8108.7,MW,actual,True,[],SYNTHETIC-STRESS-001
NP4-737-CD,solar_forecast_stppf_mw,SYSTEM,2024-07-16 20:00:00+00:00,8108.7,MW,forecast,True,['forecast_not_actual'],SYNTHETIC-STRESS-001
NP4-737-CD,solar_forecast_pvgrpp_mw,SYSTEM,2024-07-16 20:00:00+00:00,7908.7,MW,forecast,True,['forecast_not_actual'],SYNTHETIC-STRESS-001
NP4-737-CD,solar_gen_mw,SYSTEM,2024-07-16 21:00:00+00:00,7036.5,MW,actual,True,[],SYNTHETIC-STRESS-001
NP4-737-CD,solar_forecast_stppf_mw,SYSTEM,2024-07-16 21:00:00+00:00,7036.5,MW,forecast,True,['forecast_not_actual'],SYNTHETIC-STRESS-001
NP4-737-CD,solar_forecast_pvgrpp_mw,SYSTEM,2024-07-16 21:00:00+00:00,6836.5,MW,forecast,True,['forecast_not_actual'],SYNTHETIC-STRESS-001
NP4-737-CD,solar_gen_mw,SYSTEM,2024-07-16 22:00:00+00:00,5611.4,MW,actual,True,[],SYNTHETIC-STRESS-001
NP4-737-CD,solar_forecast_stppf_mw,SYSTEM,2024-07-16 22:00:00+00:00,5611.4,MW,forecast,True,['forecast_not_actual'],SYNTHETIC-STRESS-001
NP4-737-CD,solar_forecast_pvgrpp_mw,SYSTEM,2024-07-16 22:00:00+00:00,5411.4,MW,forecast,True,['forecast_not_actual'],SYNTHETIC-STRESS-001
NP4-737-CD,solar_gen_mw,SYSTEM,2024-07-16 23:00:00+00:00,3905.0,MW,actual,True,[],SYNTHETIC-STRESS-001
NP4-737-CD,solar_forecast_stppf_mw,SYSTEM,2024-07-16 23:00:00+00:00,3905.0,MW,forecast,True,['forecast_not_actual'],SYNTHETIC-STRESS-001
NP4-737-CD,solar_forecast_pvgrpp_mw,SYSTEM,2024-07-16 23:00:00+00:00,3705.0,MW,forecast,True,['forecast_not_actual'],SYNTHETIC-STRESS-001
NP4-737-CD,solar_gen_mw,SYSTEM,2024-07-17 00:00:00+00:00,2002.7,MW,actual,True,[],SYNTHETIC-STRESS-001
NP4-737-CD,solar_forecast_stppf_mw,SYSTEM,2024-07-17 00:00:00+00:00,2002.7,MW,forecast,True,['forecast_not_actual'],SYNTHETIC-STRESS-001
NP4-737-CD,solar_forecast_pvgrpp_mw,SYSTEM,2024-07-17 00:00:00+00:00,1802.7,MW,forecast,True,['forecast_not_actual'],SYNTHETIC-STRESS-001
NP4-737-CD,solar_gen_mw,SYSTEM,2024-07-17 01:00:00+00:00,0.0,MW,actual,True,[],SYNTHETIC-STRESS-001
NP4-737-CD,solar_forecast_stppf_mw,SYSTEM,2024-07-17 01:00:00+00:00,0.0,MW,forecast,True,['forecast_not_actual'],SYNTHETIC-STRESS-001
NP4-737-CD,solar_forecast_pvgrpp_mw,SYSTEM,2024-07-17 01:00:00+00:00,0.0,MW,forecast,True,['forecast_not_actual'],SYNTHETIC-STRESS-001
NP4-737-CD,solar_gen_mw,SYSTEM,2024-07-17 02:00:00+00:00,0.0,MW,actual,True,[],SYNTHETIC-STRESS-001
NP4-737-CD,solar_forecast_stppf_mw,SYSTEM,2024-07-17 02:00:00+00:00,0.0,MW,forecast,True,['forecast_not_actual'],SYNTHETIC-STRESS-001
NP4-737-CD,solar_forecast_pvgrpp_mw,SYSTEM,2024-07-17 02:00:00+00:00,0.0,MW,forecast,True,['forecast_not_actual'],SYNTHETIC-STRESS-001
NP4-737-CD,solar_gen_mw,SYSTEM,2024-07-17 03:00:00+00:00,0.0,MW,actual,True,[],SYNTHETIC-STRESS-001
NP4-737-CD,solar_forecast_stppf_mw,SYSTEM,2024-07-17 03:00:00+00:00,0.0,MW,forecast,True,['forecast_not_actual'],SYNTHETIC-STRESS-001
NP4-737-CD,solar_forecast_pvgrpp_mw,SYSTEM,2024-07-17 03:00:00+00:00,0.0,MW,forecast,True,['forecast_not_actual'],SYNTHETIC-STRESS-001
NP4-737-CD,solar_gen_mw,SYSTEM,2024-07-17 04:00:00+00:00,0.0,MW,actual,True,[],SYNTHETIC-STRESS-001
NP4-737-CD,solar_forecast_stppf_mw,SYSTEM,2024-07-17 04:00:00+00:00,0.0,MW,forecast,True,['forecast_not_actual'],SYNTHETIC-STRESS-001
NP4-737-CD,solar_forecast_pvgrpp_mw,SYSTEM,2024-07-17 04:00:00+00:00,0.0,MW,forecast,True,['forecast_not_actual'],SYNTHETIC-STRESS-001
NP4-737-CD,solar_gen_mw,SYSTEM,2024-07-17 05:00:00+00:00,0.0,MW,actual,True,[],SYNTHETIC-STRESS-001
NP4-737-CD,solar_forecast_stppf_mw,SYSTEM,2024-07-17 05:00:00+00:00,0.0,MW,forecast,True,['forecast_not_actual'],SYNTHETIC-STRESS-001
NP4-737-CD,solar_forecast_pvgrpp_mw,SYSTEM,2024-07-17 05:00:00+00:00,0.0,MW,forecast,True,['forecast_not_actual'],SYNTHETIC-STRESS-001
NP6-905-CD,spp_usd_per_mwh,HB_HUBAVG,2024-07-15 06:00:00+00:00,32.0,USD/MWh,price,True,[],SYNTHETIC-STRESS-001
NP6-905-CD,spp_usd_per_mwh,LZ_HOUSTON,2024-07-15 06:00:00+00:00,38.0,USD/MWh,price,True,[],SYNTHETIC-STRESS-001
NP6-905-CD,spp_usd_per_mwh,LZ_WEST,2024-07-15 06:00:00+00:00,27.0,USD/MWh,price,True,[],SYNTHETIC-STRESS-001
NP6-905-CD,spp_usd_per_mwh,HB_NORTH,2024-07-15 06:00:00+00:00,35.0,USD/MWh,price,True,[],SYNTHETIC-STRESS-001
NP6-905-CD,spp_usd_per_mwh,HB_HUBAVG,2024-07-15 07:00:00+00:00,32.0,USD/MWh,price,True,[],SYNTHETIC-STRESS-001
NP6-905-CD,spp_usd_per_mwh,LZ_HOUSTON,2024-07-15 07:00:00+00:00,38.0,USD/MWh,price,True,[],SYNTHETIC-STRESS-001
NP6-905-CD,spp_usd_per_mwh,LZ_WEST,2024-07-15 07:00:00+00:00,27.0,USD/MWh,price,True,[],SYNTHETIC-STRESS-001
NP6-905-CD,spp_usd_per_mwh,HB_NORTH,2024-07-15 07:00:00+00:00,35.0,USD/MWh,price,True,[],SYNTHETIC-STRESS-001
NP6-905-CD,spp_usd_per_mwh,HB_HUBAVG,2024-07-15 08:00:00+00:00,32.0,USD/MWh,price,True,[],SYNTHETIC-STRESS-001
NP6-905-CD,spp_usd_per_mwh,LZ_HOUSTON,2024-07-15 08:00:00+00:00,38.0,USD/MWh,price,True,[],SYNTHETIC-STRESS-001
NP6-905-CD,spp_usd_per_mwh,LZ_WEST,2024-07-15 08:00:00+00:00,27.0,USD/MWh,price,True,[],SYNTHETIC-STRESS-001
NP6-905-CD,spp_usd_per_mwh,HB_NORTH,2024-07-15 08:00:00+00:00,35.0,USD/MWh,price,True,[],SYNTHETIC-STRESS-001
NP6-905-CD,spp_usd_per_mwh,HB_HUBAVG,2024-07-15 09:00:00+00:00,32.0,USD/MWh,price,True,[],SYNTHETIC-STRESS-001
NP6-905-CD,spp_usd_per_mwh,LZ_HOUSTON,2024-07-15 09:00:00+00:00,38.0,USD/MWh,price,True,[],SYNTHETIC-STRESS-001
NP6-905-CD,spp_usd_per_mwh,LZ_WEST,2024-07-15 09:00:00+00:00,27.0,USD/MWh,price,True,[],SYNTHETIC-STRESS-001
NP6-905-CD,spp_usd_per_mwh,HB_NORTH,2024-07-15 09:00:00+00:00,35.0,USD/MWh,price,True,[],SYNTHETIC-STRESS-001
NP6-905-CD,spp_usd_per_mwh,HB_HUBAVG,2024-07-15 10:00:00+00:00,32.0,USD/MWh,price,True,[],SYNTHETIC-STRESS-001
NP6-905-CD,spp_usd_per_mwh,LZ_HOUSTON,2024-07-15 10:00:00+00:00,38.0,USD/MWh,price,True,[],SYNTHETIC-STRESS-001
NP6-905-CD,spp_usd_per_mwh,LZ_WEST,2024-07-15 10:00:00+00:00,27.0,USD/MWh,price,True,[],SYNTHETIC-STRESS-001
NP6-905-CD,spp_usd_per_mwh,HB_NORTH,2024-07-15 10:00:00+00:00,35.0,USD/MWh,price,True,[],SYNTHETIC-STRESS-001
NP6-905-CD,spp_usd_per_mwh,HB_HUBAVG,2024-07-15 11:00:00+00:00,32.0,USD/MWh,price,True,[],SYNTHETIC-STRESS-001
NP6-905-CD,spp_usd_per_mwh,LZ_HOUSTON,2024-07-15 11:00:00+00:00,38.0,USD/MWh,price,True,[],SYNTHETIC-STRESS-001
NP6-905-CD,spp_usd_per_mwh,LZ_WEST,2024-07-15 11:00:00+00:00,27.0,USD/MWh,price,True,[],SYNTHETIC-STRESS-001
NP6-905-CD,spp_usd_per_mwh,HB_NORTH,2024-07-15 11:00:00+00:00,35.0,USD/MWh,price,True,[],SYNTHETIC-STRESS-001
NP6-905-CD,spp_usd_per_mwh,HB_HUBAVG,2024-07-15 12:00:00+00:00,32.0,USD/MWh,price,True,[],SYNTHETIC-STRESS-001
NP6-905-CD,spp_usd_per_mwh,LZ_HOUSTON,2024-07-15 12:00:00+00:00,38.0,USD/MWh,price,True,[],SYNTHETIC-STRESS-001
NP6-905-CD,spp_usd_per_mwh,LZ_WEST,2024-07-15 12:00:00+00:00,27.0,USD/MWh,price,True,[],SYNTHETIC-STRESS-001
NP6-905-CD,spp_usd_per_mwh,HB_NORTH,2024-07-15 12:00:00+00:00,35.0,USD/MWh,price,True,[],SYNTHETIC-STRESS-001
NP6-905-CD,spp_usd_per_mwh,HB_HUBAVG,2024-07-15 13:00:00+00:00,32.0,USD/MWh,price,True,[],SYNTHETIC-STRESS-001
NP6-905-CD,spp_usd_per_mwh,LZ_HOUSTON,2024-07-15 13:00:00+00:00,38.0,USD/MWh,price,True,[],SYNTHETIC-STRESS-001
NP6-905-CD,spp_usd_per_mwh,LZ_WEST,2024-07-15 13:00:00+00:00,27.0,USD/MWh,price,True,[],SYNTHETIC-STRESS-001
NP6-905-CD,spp_usd_per_mwh,HB_NORTH,2024-07-15 13:00:00+00:00,35.0,USD/MWh,price,True,[],SYNTHETIC-STRESS-001
NP6-905-CD,spp_usd_per_mwh,HB_HUBAVG,2024-07-15 14:00:00+00:00,32.0,USD/MWh,price,True,[],SYNTHETIC-STRESS-001
NP6-905-CD,spp_usd_per_mwh,LZ_HOUSTON,2024-07-15 14:00:00+00:00,38.0,USD/MWh,price,True,[],SYNTHETIC-STRESS-001
NP6-905-CD,spp_usd_per_mwh,LZ_WEST,2024-07-15 14:00:00+00:00,27.0,USD/MWh,price,True,[],SYNTHETIC-STRESS-001
NP6-905-CD,spp_usd_per_mwh,HB_NORTH,2024-07-15 14:00:00+00:00,35.0,USD/MWh,price,True,[],SYNTHETIC-STRESS-001
NP6-905-CD,spp_usd_per_mwh,HB_HUBAVG,2024-07-15 15:00:00+00:00,32.0,USD/MWh,price,True,[],SYNTHETIC-STRESS-001
NP6-905-CD,spp_usd_per_mwh,LZ_HOUSTON,2024-07-15 15:00:00+00:00,38.0,USD/MWh,price,True,[],SYNTHETIC-STRESS-001
NP6-905-CD,spp_usd_per_mwh,LZ_WEST,2024-07-15 15:00:00+00:00,27.0,USD/MWh,price,True,[],SYNTHETIC-STRESS-001
NP6-905-CD,spp_usd_per_mwh,HB_NORTH,2024-07-15 15:00:00+00:00,35.0,USD/MWh,price,True,[],SYNTHETIC-STRESS-001
NP6-905-CD,spp_usd_per_mwh,HB_HUBAVG,2024-07-15 16:00:00+00:00,32.0,USD/MWh,price,True,[],SYNTHETIC-STRESS-001
NP6-905-CD,spp_usd_per_mwh,LZ_HOUSTON,2024-07-15 16:00:00+00:00,38.0,USD/MWh,price,True,[],SYNTHETIC-STRESS-001
NP6-905-CD,spp_usd_per_mwh,LZ_WEST,2024-07-15 16:00:00+00:00,27.0,USD/MWh,price,True,[],SYNTHETIC-STRESS-001
NP6-905-CD,spp_usd_per_mwh,HB_NORTH,2024-07-15 16:00:00+00:00,35.0,USD/MWh,price,True,[],SYNTHETIC-STRESS-001
NP6-905-CD,spp_usd_per_mwh,HB_HUBAVG,2024-07-15 17:00:00+00:00,32.0,USD/MWh,price,True,[],SYNTHETIC-STRESS-001
NP6-905-CD,spp_usd_per_mwh,LZ_HOUSTON,2024-07-15 17:00:00+00:00,38.0,USD/MWh,price,True,[],SYNTHETIC-STRESS-001
NP6-905-CD,spp_usd_per_mwh,LZ_WEST,2024-07-15 17:00:00+00:00,27.0,USD/MWh,price,True,[],SYNTHETIC-STRESS-001
NP6-905-CD,spp_usd_per_mwh,HB_NORTH,2024-07-15 17:00:00+00:00,35.0,USD/MWh,price,True,[],SYNTHETIC-STRESS-001
NP6-905-CD,spp_usd_per_mwh,HB_HUBAVG,2024-07-15 18:00:00+00:00,32.0,USD/MWh,price,True,[],SYNTHETIC-STRESS-001
NP6-905-CD,spp_usd_per_mwh,LZ_HOUSTON,2024-07-15 18:00:00+00:00,38.0,USD/MWh,price,True,[],SYNTHETIC-STRESS-001
NP6-905-CD,spp_usd_per_mwh,LZ_WEST,2024-07-15 18:00:00+00:00,27.0,USD/MWh,price,True,[],SYNTHETIC-STRESS-001
NP6-905-CD,spp_usd_per_mwh,HB_NORTH,2024-07-15 18:00:00+00:00,35.0,USD/MWh,price,True,[],SYNTHETIC-STRESS-001
NP6-905-CD,spp_usd_per_mwh,HB_HUBAVG,2024-07-15 19:00:00+00:00,32.0,USD/MWh,price,True,[],SYNTHETIC-STRESS-001
NP6-905-CD,spp_usd_per_mwh,LZ_HOUSTON,2024-07-15 19:00:00+00:00,38.0,USD/MWh,price,True,[],SYNTHETIC-STRESS-001
NP6-905-CD,spp_usd_per_mwh,LZ_WEST,2024-07-15 19:00:00+00:00,27.0,USD/MWh,price,True,[],SYNTHETIC-STRESS-001
NP6-905-CD,spp_usd_per_mwh,HB_NORTH,2024-07-15 19:00:00+00:00,35.0,USD/MWh,price,True,[],SYNTHETIC-STRESS-001
NP6-905-CD,spp_usd_per_mwh,HB_HUBAVG,2024-07-15 20:00:00+00:00,32.0,USD/MWh,price,True,[],SYNTHETIC-STRESS-001
NP6-905-CD,spp_usd_per_mwh,LZ_HOUSTON,2024-07-15 20:00:00+00:00,38.0,USD/MWh,price,True,[],SYNTHETIC-STRESS-001
NP6-905-CD,spp_usd_per_mwh,LZ_WEST,2024-07-15 20:00:00+00:00,27.0,USD/MWh,price,True,[],SYNTHETIC-STRESS-001
NP6-905-CD,spp_usd_per_mwh,HB_NORTH,2024-07-15 20:00:00+00:00,35.0,USD/MWh,price,True,[],SYNTHETIC-STRESS-001
NP6-905-CD,spp_usd_per_mwh,HB_HUBAVG,2024-07-15 21:00:00+00:00,32.0,USD/MWh,price,True,[],SYNTHETIC-STRESS-001
NP6-905-CD,spp_usd_per_mwh,LZ_HOUSTON,2024-07-15 21:00:00+00:00,38.0,USD/MWh,price,True,[],SYNTHETIC-STRESS-001
NP6-905-CD,spp_usd_per_mwh,LZ_WEST,2024-07-15 21:00:00+00:00,27.0,USD/MWh,price,True,[],SYNTHETIC-STRESS-001
NP6-905-CD,spp_usd_per_mwh,HB_NORTH,2024-07-15 21:00:00+00:00,35.0,USD/MWh,price,True,[],SYNTHETIC-STRESS-001
NP6-905-CD,spp_usd_per_mwh,HB_HUBAVG,2024-07-15 22:00:00+00:00,32.0,USD/MWh,price,True,[],SYNTHETIC-STRESS-001
NP6-905-CD,spp_usd_per_mwh,LZ_HOUSTON,2024-07-15 22:00:00+00:00,38.0,USD/MWh,price,True,[],SYNTHETIC-STRESS-001
NP6-905-CD,spp_usd_per_mwh,LZ_WEST,2024-07-15 22:00:00+00:00,27.0,USD/MWh,price,True,[],SYNTHETIC-STRESS-001
NP6-905-CD,spp_usd_per_mwh,HB_NORTH,2024-07-15 22:00:00+00:00,35.0,USD/MWh,price,True,[],SYNTHETIC-STRESS-001
NP6-905-CD,spp_usd_per_mwh,HB_HUBAVG,2024-07-15 23:00:00+00:00,32.0,USD/MWh,price,True,[],SYNTHETIC-STRESS-001
NP6-905-CD,spp_usd_per_mwh,LZ_HOUSTON,2024-07-15 23:00:00+00:00,38.0,USD/MWh,price,True,[],SYNTHETIC-STRESS-001
NP6-905-CD,spp_usd_per_mwh,LZ_WEST,2024-07-15 23:00:00+00:00,27.0,USD/MWh,price,True,[],SYNTHETIC-STRESS-001
NP6-905-CD,spp_usd_per_mwh,HB_NORTH,2024-07-15 23:00:00+00:00,35.0,USD/MWh,price,True,[],SYNTHETIC-STRESS-001
NP6-905-CD,spp_usd_per_mwh,HB_HUBAVG,2024-07-16 00:00:00+00:00,340.0,USD/MWh,price,True,[],SYNTHETIC-STRESS-001
NP6-905-CD,spp_usd_per_mwh,LZ_HOUSTON,2024-07-16 00:00:00+00:00,500.0,USD/MWh,price,True,[],SYNTHETIC-STRESS-001
NP6-905-CD,spp_usd_per_mwh,LZ_WEST,2024-07-16 00:00:00+00:00,335.0,USD/MWh,price,True,[],SYNTHETIC-STRESS-001
NP6-905-CD,spp_usd_per_mwh,HB_NORTH,2024-07-16 00:00:00+00:00,343.0,USD/MWh,price,True,[],SYNTHETIC-STRESS-001
NP6-905-CD,spp_usd_per_mwh,HB_HUBAVG,2024-07-16 01:00:00+00:00,180.0,USD/MWh,price,True,[],SYNTHETIC-STRESS-001
NP6-905-CD,spp_usd_per_mwh,LZ_HOUSTON,2024-07-16 01:00:00+00:00,220.0,USD/MWh,price,True,[],SYNTHETIC-STRESS-001
NP6-905-CD,spp_usd_per_mwh,LZ_WEST,2024-07-16 01:00:00+00:00,175.0,USD/MWh,price,True,[],SYNTHETIC-STRESS-001
NP6-905-CD,spp_usd_per_mwh,HB_NORTH,2024-07-16 01:00:00+00:00,183.0,USD/MWh,price,True,[],SYNTHETIC-STRESS-001
NP6-905-CD,spp_usd_per_mwh,HB_HUBAVG,2024-07-16 02:00:00+00:00,32.0,USD/MWh,price,True,[],SYNTHETIC-STRESS-001
NP6-905-CD,spp_usd_per_mwh,LZ_HOUSTON,2024-07-16 02:00:00+00:00,38.0,USD/MWh,price,True,[],SYNTHETIC-STRESS-001
NP6-905-CD,spp_usd_per_mwh,LZ_WEST,2024-07-16 02:00:00+00:00,27.0,USD/MWh,price,True,[],SYNTHETIC-STRESS-001
NP6-905-CD,spp_usd_per_mwh,HB_NORTH,2024-07-16 02:00:00+00:00,35.0,USD/MWh,price,True,[],SYNTHETIC-STRESS-001
NP6-905-CD,spp_usd_per_mwh,HB_HUBAVG,2024-07-16 03:00:00+00:00,32.0,USD/MWh,price,True,[],SYNTHETIC-STRESS-001
NP6-905-CD,spp_usd_per_mwh,LZ_HOUSTON,2024-07-16 03:00:00+00:00,38.0,USD/MWh,price,True,[],SYNTHETIC-STRESS-001
NP6-905-CD,spp_usd_per_mwh,LZ_WEST,2024-07-16 03:00:00+00:00,27.0,USD/MWh,price,True,[],SYNTHETIC-STRESS-001
NP6-905-CD,spp_usd_per_mwh,HB_NORTH,2024-07-16 03:00:00+00:00,35.0,USD/MWh,price,True,[],SYNTHETIC-STRESS-001
NP6-905-CD,spp_usd_per_mwh,HB_HUBAVG,2024-07-16 04:00:00+00:00,32.0,USD/MWh,price,True,[],SYNTHETIC-STRESS-001
NP6-905-CD,spp_usd_per_mwh,LZ_HOUSTON,2024-07-16 04:00:00+00:00,38.0,USD/MWh,price,True,[],SYNTHETIC-STRESS-001
NP6-905-CD,spp_usd_per_mwh,LZ_WEST,2024-07-16 04:00:00+00:00,27.0,USD/MWh,price,True,[],SYNTHETIC-STRESS-001
NP6-905-CD,spp_usd_per_mwh,HB_NORTH,2024-07-16 04:00:00+00:00,35.0,USD/MWh,price,True,[],SYNTHETIC-STRESS-001
NP6-905-CD,spp_usd_per_mwh,HB_HUBAVG,2024-07-16 05:00:00+00:00,32.0,USD/MWh,price,True,[],SYNTHETIC-STRESS-001
NP6-905-CD,spp_usd_per_mwh,LZ_HOUSTON,2024-07-16 05:00:00+00:00,38.0,USD/MWh,price,True,[],SYNTHETIC-STRESS-001
NP6-905-CD,spp_usd_per_mwh,LZ_WEST,2024-07-16 05:00:00+00:00,27.0,USD/MWh,price,True,[],SYNTHETIC-STRESS-001
NP6-905-CD,spp_usd_per_mwh,HB_NORTH,2024-07-16 05:00:00+00:00,35.0,USD/MWh,price,True,[],SYNTHETIC-STRESS-001
NP6-905-CD,spp_usd_per_mwh,HB_HUBAVG,2024-07-16 06:00:00+00:00,32.0,USD/MWh,price,True,[],SYNTHETIC-STRESS-001
NP6-905-CD,spp_usd_per_mwh,LZ_HOUSTON,2024-07-16 06:00:00+00:00,38.0,USD/MWh,price,True,[],SYNTHETIC-STRESS-001
NP6-905-CD,spp_usd_per_mwh,LZ_WEST,2024-07-16 06:00:00+00:00,27.0,USD/MWh,price,True,[],SYNTHETIC-STRESS-001
NP6-905-CD,spp_usd_per_mwh,HB_NORTH,2024-07-16 06:00:00+00:00,35.0,USD/MWh,price,True,[],SYNTHETIC-STRESS-001
NP6-905-CD,spp_usd_per_mwh,HB_HUBAVG,2024-07-16 07:00:00+00:00,32.0,USD/MWh,price,True,[],SYNTHETIC-STRESS-001
NP6-905-CD,spp_usd_per_mwh,LZ_HOUSTON,2024-07-16 07:00:00+00:00,38.0,USD/MWh,price,True,[],SYNTHETIC-STRESS-001
NP6-905-CD,spp_usd_per_mwh,LZ_WEST,2024-07-16 07:00:00+00:00,27.0,USD/MWh,price,True,[],SYNTHETIC-STRESS-001
NP6-905-CD,spp_usd_per_mwh,HB_NORTH,2024-07-16 07:00:00+00:00,35.0,USD/MWh,price,True,[],SYNTHETIC-STRESS-001
NP6-905-CD,spp_usd_per_mwh,HB_HUBAVG,2024-07-16 08:00:00+00:00,32.0,USD/MWh,price,True,[],SYNTHETIC-STRESS-001
NP6-905-CD,spp_usd_per_mwh,LZ_HOUSTON,2024-07-16 08:00:00+00:00,38.0,USD/MWh,price,True,[],SYNTHETIC-STRESS-001
NP6-905-CD,spp_usd_per_mwh,LZ_WEST,2024-07-16 08:00:00+00:00,27.0,USD/MWh,price,True,[],SYNTHETIC-STRESS-001
NP6-905-CD,spp_usd_per_mwh,HB_NORTH,2024-07-16 08:00:00+00:00,35.0,USD/MWh,price,True,[],SYNTHETIC-STRESS-001
NP6-905-CD,spp_usd_per_mwh,HB_HUBAVG,2024-07-16 09:00:00+00:00,32.0,USD/MWh,price,True,[],SYNTHETIC-STRESS-001
NP6-905-CD,spp_usd_per_mwh,LZ_HOUSTON,2024-07-16 09:00:00+00:00,38.0,USD/MWh,price,True,[],SYNTHETIC-STRESS-001
NP6-905-CD,spp_usd_per_mwh,LZ_WEST,2024-07-16 09:00:00+00:00,27.0,USD/MWh,price,True,[],SYNTHETIC-STRESS-001
NP6-905-CD,spp_usd_per_mwh,HB_NORTH,2024-07-16 09:00:00+00:00,35.0,USD/MWh,price,True,[],SYNTHETIC-STRESS-001
NP6-905-CD,spp_usd_per_mwh,HB_HUBAVG,2024-07-16 10:00:00+00:00,32.0,USD/MWh,price,True,[],SYNTHETIC-STRESS-001
NP6-905-CD,spp_usd_per_mwh,LZ_HOUSTON,2024-07-16 10:00:00+00:00,38.0,USD/MWh,price,True,[],SYNTHETIC-STRESS-001
NP6-905-CD,spp_usd_per_mwh,LZ_WEST,2024-07-16 10:00:00+00:00,27.0,USD/MWh,price,True,[],SYNTHETIC-STRESS-001
NP6-905-CD,spp_usd_per_mwh,HB_NORTH,2024-07-16 10:00:00+00:00,35.0,USD/MWh,price,True,[],SYNTHETIC-STRESS-001
NP6-905-CD,spp_usd_per_mwh,HB_HUBAVG,2024-07-16 11:00:00+00:00,32.0,USD/MWh,price,True,[],SYNTHETIC-STRESS-001
NP6-905-CD,spp_usd_per_mwh,LZ_HOUSTON,2024-07-16 11:00:00+00:00,38.0,USD/MWh,price,True,[],SYNTHETIC-STRESS-001
NP6-905-CD,spp_usd_per_mwh,LZ_WEST,2024-07-16 11:00:00+00:00,27.0,USD/MWh,price,True,[],SYNTHETIC-STRESS-001
NP6-905-CD,spp_usd_per_mwh,HB_NORTH,2024-07-16 11:00:00+00:00,35.0,USD/MWh,price,True,[],SYNTHETIC-STRESS-001
NP6-905-CD,spp_usd_per_mwh,HB_HUBAVG,2024-07-16 12:00:00+00:00,32.0,USD/MWh,price,True,[],SYNTHETIC-STRESS-001
NP6-905-CD,spp_usd_per_mwh,LZ_HOUSTON,2024-07-16 12:00:00+00:00,38.0,USD/MWh,price,True,[],SYNTHETIC-STRESS-001
NP6-905-CD,spp_usd_per_mwh,LZ_WEST,2024-07-16 12:00:00+00:00,27.0,USD/MWh,price,True,[],SYNTHETIC-STRESS-001
NP6-905-CD,spp_usd_per_mwh,HB_NORTH,2024-07-16 12:00:00+00:00,35.0,USD/MWh,price,True,[],SYNTHETIC-STRESS-001
NP6-905-CD,spp_usd_per_mwh,HB_HUBAVG,2024-07-16 13:00:00+00:00,32.0,USD/MWh,price,True,[],SYNTHETIC-STRESS-001
NP6-905-CD,spp_usd_per_mwh,LZ_HOUSTON,2024-07-16 13:00:00+00:00,38.0,USD/MWh,price,True,[],SYNTHETIC-STRESS-001
NP6-905-CD,spp_usd_per_mwh,LZ_WEST,2024-07-16 13:00:00+00:00,27.0,USD/MWh,price,True,[],SYNTHETIC-STRESS-001
NP6-905-CD,spp_usd_per_mwh,HB_NORTH,2024-07-16 13:00:00+00:00,35.0,USD/MWh,price,True,[],SYNTHETIC-STRESS-001
NP6-905-CD,spp_usd_per_mwh,HB_HUBAVG,2024-07-16 14:00:00+00:00,32.0,USD/MWh,price,True,[],SYNTHETIC-STRESS-001
NP6-905-CD,spp_usd_per_mwh,LZ_HOUSTON,2024-07-16 14:00:00+00:00,38.0,USD/MWh,price,True,[],SYNTHETIC-STRESS-001
NP6-905-CD,spp_usd_per_mwh,LZ_WEST,2024-07-16 14:00:00+00:00,27.0,USD/MWh,price,True,[],SYNTHETIC-STRESS-001
NP6-905-CD,spp_usd_per_mwh,HB_NORTH,2024-07-16 14:00:00+00:00,35.0,USD/MWh,price,True,[],SYNTHETIC-STRESS-001
NP6-905-CD,spp_usd_per_mwh,HB_HUBAVG,2024-07-16 15:00:00+00:00,32.0,USD/MWh,price,True,[],SYNTHETIC-STRESS-001
NP6-905-CD,spp_usd_per_mwh,LZ_HOUSTON,2024-07-16 15:00:00+00:00,38.0,USD/MWh,price,True,[],SYNTHETIC-STRESS-001
NP6-905-CD,spp_usd_per_mwh,LZ_WEST,2024-07-16 15:00:00+00:00,27.0,USD/MWh,price,True,[],SYNTHETIC-STRESS-001
NP6-905-CD,spp_usd_per_mwh,HB_NORTH,2024-07-16 15:00:00+00:00,35.0,USD/MWh,price,True,[],SYNTHETIC-STRESS-001
NP6-905-CD,spp_usd_per_mwh,HB_HUBAVG,2024-07-16 16:00:00+00:00,32.0,USD/MWh,price,True,[],SYNTHETIC-STRESS-001
NP6-905-CD,spp_usd_per_mwh,LZ_HOUSTON,2024-07-16 16:00:00+00:00,38.0,USD/MWh,price,True,[],SYNTHETIC-STRESS-001
NP6-905-CD,spp_usd_per_mwh,LZ_WEST,2024-07-16 16:00:00+00:00,27.0,USD/MWh,price,True,[],SYNTHETIC-STRESS-001
NP6-905-CD,spp_usd_per_mwh,HB_NORTH,2024-07-16 16:00:00+00:00,35.0,USD/MWh,price,True,[],SYNTHETIC-STRESS-001
NP6-905-CD,spp_usd_per_mwh,HB_HUBAVG,2024-07-16 17:00:00+00:00,32.0,USD/MWh,price,True,[],SYNTHETIC-STRESS-001
NP6-905-CD,spp_usd_per_mwh,LZ_HOUSTON,2024-07-16 17:00:00+00:00,38.0,USD/MWh,price,True,[],SYNTHETIC-STRESS-001
NP6-905-CD,spp_usd_per_mwh,LZ_WEST,2024-07-16 17:00:00+00:00,27.0,USD/MWh,price,True,[],SYNTHETIC-STRESS-001
NP6-905-CD,spp_usd_per_mwh,HB_NORTH,2024-07-16 17:00:00+00:00,35.0,USD/MWh,price,True,[],SYNTHETIC-STRESS-001
NP6-905-CD,spp_usd_per_mwh,HB_HUBAVG,2024-07-16 18:00:00+00:00,32.0,USD/MWh,price,True,[],SYNTHETIC-STRESS-001
NP6-905-CD,spp_usd_per_mwh,LZ_HOUSTON,2024-07-16 18:00:00+00:00,38.0,USD/MWh,price,True,[],SYNTHETIC-STRESS-001
NP6-905-CD,spp_usd_per_mwh,LZ_WEST,2024-07-16 18:00:00+00:00,27.0,USD/MWh,price,True,[],SYNTHETIC-STRESS-001
NP6-905-CD,spp_usd_per_mwh,HB_NORTH,2024-07-16 18:00:00+00:00,35.0,USD/MWh,price,True,[],SYNTHETIC-STRESS-001
NP6-905-CD,spp_usd_per_mwh,HB_HUBAVG,2024-07-16 19:00:00+00:00,32.0,USD/MWh,price,True,[],SYNTHETIC-STRESS-001
NP6-905-CD,spp_usd_per_mwh,LZ_HOUSTON,2024-07-16 19:00:00+00:00,38.0,USD/MWh,price,True,[],SYNTHETIC-STRESS-001
NP6-905-CD,spp_usd_per_mwh,LZ_WEST,2024-07-16 19:00:00+00:00,27.0,USD/MWh,price,True,[],SYNTHETIC-STRESS-001
NP6-905-CD,spp_usd_per_mwh,HB_NORTH,2024-07-16 19:00:00+00:00,35.0,USD/MWh,price,True,[],SYNTHETIC-STRESS-001
NP6-905-CD,spp_usd_per_mwh,HB_HUBAVG,2024-07-16 20:00:00+00:00,32.0,USD/MWh,price,True,[],SYNTHETIC-STRESS-001
NP6-905-CD,spp_usd_per_mwh,LZ_HOUSTON,2024-07-16 20:00:00+00:00,38.0,USD/MWh,price,True,[],SYNTHETIC-STRESS-001
NP6-905-CD,spp_usd_per_mwh,LZ_WEST,2024-07-16 20:00:00+00:00,27.0,USD/MWh,price,True,[],SYNTHETIC-STRESS-001
NP6-905-CD,spp_usd_per_mwh,HB_NORTH,2024-07-16 20:00:00+00:00,35.0,USD/MWh,price,True,[],SYNTHETIC-STRESS-001
NP6-905-CD,spp_usd_per_mwh,HB_HUBAVG,2024-07-16 21:00:00+00:00,32.0,USD/MWh,price,True,[],SYNTHETIC-STRESS-001
NP6-905-CD,spp_usd_per_mwh,LZ_HOUSTON,2024-07-16 21:00:00+00:00,38.0,USD/MWh,price,True,[],SYNTHETIC-STRESS-001
NP6-905-CD,spp_usd_per_mwh,LZ_WEST,2024-07-16 21:00:00+00:00,27.0,USD/MWh,price,True,[],SYNTHETIC-STRESS-001
NP6-905-CD,spp_usd_per_mwh,HB_NORTH,2024-07-16 21:00:00+00:00,35.0,USD/MWh,price,True,[],SYNTHETIC-STRESS-001
NP6-905-CD,spp_usd_per_mwh,HB_HUBAVG,2024-07-16 22:00:00+00:00,32.0,USD/MWh,price,True,[],SYNTHETIC-STRESS-001
NP6-905-CD,spp_usd_per_mwh,LZ_HOUSTON,2024-07-16 22:00:00+00:00,38.0,USD/MWh,price,True,[],SYNTHETIC-STRESS-001
NP6-905-CD,spp_usd_per_mwh,LZ_WEST,2024-07-16 22:00:00+00:00,27.0,USD/MWh,price,True,[],SYNTHETIC-STRESS-001
NP6-905-CD,spp_usd_per_mwh,HB_NORTH,2024-07-16 22:00:00+00:00,35.0,USD/MWh,price,True,[],SYNTHETIC-STRESS-001
NP6-905-CD,spp_usd_per_mwh,HB_HUBAVG,2024-07-16 23:00:00+00:00,32.0,USD/MWh,price,True,[],SYNTHETIC-STRESS-001
NP6-905-CD,spp_usd_per_mwh,LZ_HOUSTON,2024-07-16 23:00:00+00:00,38.0,USD/MWh,price,True,[],SYNTHETIC-STRESS-001
NP6-905-CD,spp_usd_per_mwh,LZ_WEST,2024-07-16 23:00:00+00:00,27.0,USD/MWh,price,True,[],SYNTHETIC-STRESS-001
NP6-905-CD,spp_usd_per_mwh,HB_NORTH,2024-07-16 23:00:00+00:00,35.0,USD/MWh,price,True,[],SYNTHETIC-STRESS-001
NP6-905-CD,spp_usd_per_mwh,HB_HUBAVG,2024-07-17 00:00:00+00:00,32.0,USD/MWh,price,True,[],SYNTHETIC-STRESS-001
NP6-905-CD,spp_usd_per_mwh,LZ_HOUSTON,2024-07-17 00:00:00+00:00,38.0,USD/MWh,price,True,[],SYNTHETIC-STRESS-001
NP6-905-CD,spp_usd_per_mwh,LZ_WEST,2024-07-17 00:00:00+00:00,27.0,USD/MWh,price,True,[],SYNTHETIC-STRESS-001
NP6-905-CD,spp_usd_per_mwh,HB_NORTH,2024-07-17 00:00:00+00:00,35.0,USD/MWh,price,True,[],SYNTHETIC-STRESS-001
NP6-905-CD,spp_usd_per_mwh,HB_HUBAVG,2024-07-17 01:00:00+00:00,32.0,USD/MWh,price,True,[],SYNTHETIC-STRESS-001
NP6-905-CD,spp_usd_per_mwh,LZ_HOUSTON,2024-07-17 01:00:00+00:00,38.0,USD/MWh,price,True,[],SYNTHETIC-STRESS-001
NP6-905-CD,spp_usd_per_mwh,LZ_WEST,2024-07-17 01:00:00+00:00,27.0,USD/MWh,price,True,[],SYNTHETIC-STRESS-001
NP6-905-CD,spp_usd_per_mwh,HB_NORTH,2024-07-17 01:00:00+00:00,35.0,USD/MWh,price,True,[],SYNTHETIC-STRESS-001
NP6-905-CD,spp_usd_per_mwh,HB_HUBAVG,2024-07-17 02:00:00+00:00,32.0,USD/MWh,price,True,[],SYNTHETIC-STRESS-001
NP6-905-CD,spp_usd_per_mwh,LZ_HOUSTON,2024-07-17 02:00:00+00:00,38.0,USD/MWh,price,True,[],SYNTHETIC-STRESS-001
NP6-905-CD,spp_usd_per_mwh,LZ_WEST,2024-07-17 02:00:00+00:00,27.0,USD/MWh,price,True,[],SYNTHETIC-STRESS-001
NP6-905-CD,spp_usd_per_mwh,HB_NORTH,2024-07-17 02:00:00+00:00,35.0,USD/MWh,price,True,[],SYNTHETIC-STRESS-001
NP6-905-CD,spp_usd_per_mwh,HB_HUBAVG,2024-07-17 03:00:00+00:00,32.0,USD/MWh,price,True,[],SYNTHETIC-STRESS-001
NP6-905-CD,spp_usd_per_mwh,LZ_HOUSTON,2024-07-17 03:00:00+00:00,38.0,USD/MWh,price,True,[],SYNTHETIC-STRESS-001
NP6-905-CD,spp_usd_per_mwh,LZ_WEST,2024-07-17 03:00:00+00:00,27.0,USD/MWh,price,True,[],SYNTHETIC-STRESS-001
NP6-905-CD,spp_usd_per_mwh,HB_NORTH,2024-07-17 03:00:00+00:00,35.0,USD/MWh,price,True,[],SYNTHETIC-STRESS-001
NP6-905-CD,spp_usd_per_mwh,HB_HUBAVG,2024-07-17 04:00:00+00:00,32.0,USD/MWh,price,True,[],SYNTHETIC-STRESS-001
NP6-905-CD,spp_usd_per_mwh,LZ_HOUSTON,2024-07-17 04:00:00+00:00,38.0,USD/MWh,price,True,[],SYNTHETIC-STRESS-001
NP6-905-CD,spp_usd_per_mwh,LZ_WEST,2024-07-17 04:00:00+00:00,27.0,USD/MWh,price,True,[],SYNTHETIC-STRESS-001
NP6-905-CD,spp_usd_per_mwh,HB_NORTH,2024-07-17 04:00:00+00:00,35.0,USD/MWh,price,True,[],SYNTHETIC-STRESS-001
NP6-905-CD,spp_usd_per_mwh,HB_HUBAVG,2024-07-17 05:00:00+00:00,32.0,USD/MWh,price,True,[],SYNTHETIC-STRESS-001
NP6-905-CD,spp_usd_per_mwh,LZ_HOUSTON,2024-07-17 05:00:00+00:00,38.0,USD/MWh,price,True,[],SYNTHETIC-STRESS-001
NP6-905-CD,spp_usd_per_mwh,LZ_WEST,2024-07-17 05:00:00+00:00,27.0,USD/MWh,price,True,[],SYNTHETIC-STRESS-001
NP6-905-CD,spp_usd_per_mwh,HB_NORTH,2024-07-17 05:00:00+00:00,35.0,USD/MWh,price,True,[],SYNTHETIC-STRESS-001
NP3-565-CD,load_forecast_mw,SYSTEM,2024-07-15 06:00:00+00:00,45238.5,MW,forecast,True,['forecast_not_actual'],SYNTHETIC-STRESS-001
NP3-565-CD,load_forecast_mw,SYSTEM,2024-07-15 07:00:00+00:00,45937.8,MW,forecast,True,['forecast_not_actual'],SYNTHETIC-STRESS-001
NP3-565-CD,load_forecast_mw,SYSTEM,2024-07-15 08:00:00+00:00,47050.3,MW,forecast,True,['forecast_not_actual'],SYNTHETIC-STRESS-001
NP3-565-CD,load_forecast_mw,SYSTEM,2024-07-15 09:00:00+00:00,48500.0,MW,forecast,True,['forecast_not_actual'],SYNTHETIC-STRESS-001
NP3-565-CD,load_forecast_mw,SYSTEM,2024-07-15 10:00:00+00:00,50188.3,MW,forecast,True,['forecast_not_actual'],SYNTHETIC-STRESS-001
NP3-565-CD,load_forecast_mw,SYSTEM,2024-07-15 11:00:00+00:00,52000.0,MW,forecast,True,['forecast_not_actual'],SYNTHETIC-STRESS-001
NP3-565-CD,load_forecast_mw,SYSTEM,2024-07-15 12:00:00+00:00,53811.7,MW,forecast,True,['forecast_not_actual'],SYNTHETIC-STRESS-001
NP3-565-CD,load_forecast_mw,SYSTEM,2024-07-15 13:00:00+00:00,55500.0,MW,forecast,True,['forecast_not_actual'],SYNTHETIC-STRESS-001
NP3-565-CD,load_forecast_mw,SYSTEM,2024-07-15 14:00:00+00:00,56949.7,MW,forecast,True,['forecast_not_actual'],SYNTHETIC-STRESS-001
NP3-565-CD,load_forecast_mw,SYSTEM,2024-07-15 15:00:00+00:00,58062.2,MW,forecast,True,['forecast_not_actual'],SYNTHETIC-STRESS-001
NP3-565-CD,load_forecast_mw,SYSTEM,2024-07-15 16:00:00+00:00,58761.5,MW,forecast,True,['forecast_not_actual'],SYNTHETIC-STRESS-001
NP3-565-CD,load_forecast_mw,SYSTEM,2024-07-15 17:00:00+00:00,59000.0,MW,forecast,True,['forecast_not_actual'],SYNTHETIC-STRESS-001
NP3-565-CD,load_forecast_mw,SYSTEM,2024-07-15 18:00:00+00:00,58761.5,MW,forecast,True,['forecast_not_actual'],SYNTHETIC-STRESS-001
NP3-565-CD,load_forecast_mw,SYSTEM,2024-07-15 19:00:00+00:00,58062.2,MW,forecast,True,['forecast_not_actual'],SYNTHETIC-STRESS-001
NP3-565-CD,load_forecast_mw,SYSTEM,2024-07-15 20:00:00+00:00,56949.7,MW,forecast,True,['forecast_not_actual'],SYNTHETIC-STRESS-001
NP3-565-CD,load_forecast_mw,SYSTEM,2024-07-15 21:00:00+00:00,55500.0,MW,forecast,True,['forecast_not_actual'],SYNTHETIC-STRESS-001
NP3-565-CD,load_forecast_mw,SYSTEM,2024-07-15 22:00:00+00:00,53811.7,MW,forecast,True,['forecast_not_actual'],SYNTHETIC-STRESS-001
NP3-565-CD,load_forecast_mw,SYSTEM,2024-07-15 23:00:00+00:00,52000.0,MW,forecast,True,['forecast_not_actual'],SYNTHETIC-STRESS-001
NP3-565-CD,load_forecast_mw,SYSTEM,2024-07-16 00:00:00+00:00,50188.3,MW,forecast,True,['forecast_not_actual'],SYNTHETIC-STRESS-001
NP3-565-CD,load_forecast_mw,SYSTEM,2024-07-16 01:00:00+00:00,48500.0,MW,forecast,True,['forecast_not_actual'],SYNTHETIC-STRESS-001
NP3-565-CD,load_forecast_mw,SYSTEM,2024-07-16 02:00:00+00:00,47050.3,MW,forecast,True,['forecast_not_actual'],SYNTHETIC-STRESS-001
NP3-565-CD,load_forecast_mw,SYSTEM,2024-07-16 03:00:00+00:00,45937.8,MW,forecast,True,['forecast_not_actual'],SYNTHETIC-STRESS-001
NP3-565-CD,load_forecast_mw,SYSTEM,2024-07-16 04:00:00+00:00,45238.5,MW,forecast,True,['forecast_not_actual'],SYNTHETIC-STRESS-001
NP3-565-CD,load_forecast_mw,SYSTEM,2024-07-16 05:00:00+00:00,45000.0,MW,forecast,True,['forecast_not_actual'],SYNTHETIC-STRESS-001
NP3-565-CD,load_forecast_mw,SYSTEM,2024-07-16 06:00:00+00:00,45238.5,MW,forecast,True,['forecast_not_actual'],SYNTHETIC-STRESS-001
NP3-565-CD,load_forecast_mw,SYSTEM,2024-07-16 07:00:00+00:00,45937.8,MW,forecast,True,['forecast_not_actual'],SYNTHETIC-STRESS-001
NP3-565-CD,load_forecast_mw,SYSTEM,2024-07-16 08:00:00+00:00,47050.3,MW,forecast,True,['forecast_not_actual'],SYNTHETIC-STRESS-001
NP3-565-CD,load_forecast_mw,SYSTEM,2024-07-16 09:00:00+00:00,48500.0,MW,forecast,True,['forecast_not_actual'],SYNTHETIC-STRESS-001
NP3-565-CD,load_forecast_mw,SYSTEM,2024-07-16 10:00:00+00:00,50188.3,MW,forecast,True,['forecast_not_actual'],SYNTHETIC-STRESS-001
NP3-565-CD,load_forecast_mw,SYSTEM,2024-07-16 11:00:00+00:00,52000.0,MW,forecast,True,['forecast_not_actual'],SYNTHETIC-STRESS-001
NP3-565-CD,load_forecast_mw,SYSTEM,2024-07-16 12:00:00+00:00,53811.7,MW,forecast,True,['forecast_not_actual'],SYNTHETIC-STRESS-001
NP3-565-CD,load_forecast_mw,SYSTEM,2024-07-16 13:00:00+00:00,55500.0,MW,forecast,True,['forecast_not_actual'],SYNTHETIC-STRESS-001
NP3-565-CD,load_forecast_mw,SYSTEM,2024-07-16 14:00:00+00:00,56949.7,MW,forecast,True,['forecast_not_actual'],SYNTHETIC-STRESS-001
NP3-565-CD,load_forecast_mw,SYSTEM,2024-07-16 15:00:00+00:00,58062.2,MW,forecast,True,['forecast_not_actual'],SYNTHETIC-STRESS-001
NP3-565-CD,load_forecast_mw,SYSTEM,2024-07-16 16:00:00+00:00,58761.5,MW,forecast,True,['forecast_not_actual'],SYNTHETIC-STRESS-001
NP3-565-CD,load_forecast_mw,SYSTEM,2024-07-16 17:00:00+00:00,59000.0,MW,forecast,True,['forecast_not_actual'],SYNTHETIC-STRESS-001
NP3-565-CD,load_forecast_mw,SYSTEM,2024-07-16 18:00:00+00:00,58761.5,MW,forecast,True,['forecast_not_actual'],SYNTHETIC-STRESS-001
NP3-565-CD,load_forecast_mw,SYSTEM,2024-07-16 19:00:00+00:00,58062.2,MW,forecast,True,['forecast_not_actual'],SYNTHETIC-STRESS-001
NP3-565-CD,load_forecast_mw,SYSTEM,2024-07-16 20:00:00+00:00,56949.7,MW,forecast,True,['forecast_not_actual'],SYNTHETIC-STRESS-001
NP3-565-CD,load_forecast_mw,SYSTEM,2024-07-16 21:00:00+00:00,55500.0,MW,forecast,True,['forecast_not_actual'],SYNTHETIC-STRESS-001
NP3-565-CD,load_forecast_mw,SYSTEM,2024-07-16 22:00:00+00:00,53811.7,MW,forecast,True,['forecast_not_actual'],SYNTHETIC-STRESS-001
NP3-565-CD,load_forecast_mw,SYSTEM,2024-07-16 23:00:00+00:00,52000.0,MW,forecast,True,['forecast_not_actual'],SYNTHETIC-STRESS-001
NP3-565-CD,load_forecast_mw,SYSTEM,2024-07-17 00:00:00+00:00,50188.3,MW,forecast,True,['forecast_not_actual'],SYNTHETIC-STRESS-001
NP3-565-CD,load_forecast_mw,SYSTEM,2024-07-17 01:00:00+00:00,48500.0,MW,forecast,True,['forecast_not_actual'],SYNTHETIC-STRESS-001
NP3-565-CD,load_forecast_mw,SYSTEM,2024-07-17 02:00:00+00:00,47050.3,MW,forecast,True,['forecast_not_actual'],SYNTHETIC-STRESS-001
NP3-565-CD,load_forecast_mw,SYSTEM,2024-07-17 03:00:00+00:00,45937.8,MW,forecast,True,['forecast_not_actual'],SYNTHETIC-STRESS-001
NP3-565-CD,load_forecast_mw,SYSTEM,2024-07-17 04:00:00+00:00,45238.5,MW,forecast,True,['forecast_not_actual'],SYNTHETIC-STRESS-001
NP3-565-CD,load_forecast_mw,SYSTEM,2024-07-17 05:00:00+00:00,45000.0,MW,forecast,True,['forecast_not_actual'],SYNTHETIC-STRESS-001
NP6-86-CD,shadow_price,SYNTHETIC_CONSTRAINT,2024-07-15 06:00:00+00:00,4.0,USD/MWh,constraint,True,[],SYNTHETIC-STRESS-001
NP6-86-CD,shadow_price,SYNTHETIC_CONSTRAINT,2024-07-15 07:00:00+00:00,4.0,USD/MWh,constraint,True,[],SYNTHETIC-STRESS-001
NP6-86-CD,shadow_price,SYNTHETIC_CONSTRAINT,2024-07-15 08:00:00+00:00,4.0,USD/MWh,constraint,True,[],SYNTHETIC-STRESS-001
NP6-86-CD,shadow_price,SYNTHETIC_CONSTRAINT,2024-07-15 09:00:00+00:00,4.0,USD/MWh,constraint,True,[],SYNTHETIC-STRESS-001
NP6-86-CD,shadow_price,SYNTHETIC_CONSTRAINT,2024-07-15 10:00:00+00:00,4.0,USD/MWh,constraint,True,[],SYNTHETIC-STRESS-001
NP6-86-CD,shadow_price,SYNTHETIC_CONSTRAINT,2024-07-15 11:00:00+00:00,4.0,USD/MWh,constraint,True,[],SYNTHETIC-STRESS-001
NP6-86-CD,shadow_price,SYNTHETIC_CONSTRAINT,2024-07-15 12:00:00+00:00,4.0,USD/MWh,constraint,True,[],SYNTHETIC-STRESS-001
NP6-86-CD,shadow_price,SYNTHETIC_CONSTRAINT,2024-07-15 13:00:00+00:00,4.0,USD/MWh,constraint,True,[],SYNTHETIC-STRESS-001
NP6-86-CD,shadow_price,SYNTHETIC_CONSTRAINT,2024-07-15 14:00:00+00:00,4.0,USD/MWh,constraint,True,[],SYNTHETIC-STRESS-001
NP6-86-CD,shadow_price,SYNTHETIC_CONSTRAINT,2024-07-15 15:00:00+00:00,4.0,USD/MWh,constraint,True,[],SYNTHETIC-STRESS-001
NP6-86-CD,shadow_price,SYNTHETIC_CONSTRAINT,2024-07-15 16:00:00+00:00,4.0,USD/MWh,constraint,True,[],SYNTHETIC-STRESS-001
NP6-86-CD,shadow_price,SYNTHETIC_CONSTRAINT,2024-07-15 17:00:00+00:00,4.0,USD/MWh,constraint,True,[],SYNTHETIC-STRESS-001
NP6-86-CD,shadow_price,SYNTHETIC_CONSTRAINT,2024-07-15 18:00:00+00:00,4.0,USD/MWh,constraint,True,[],SYNTHETIC-STRESS-001
NP6-86-CD,shadow_price,SYNTHETIC_CONSTRAINT,2024-07-15 19:00:00+00:00,4.0,USD/MWh,constraint,True,[],SYNTHETIC-STRESS-001
NP6-86-CD,shadow_price,SYNTHETIC_CONSTRAINT,2024-07-15 20:00:00+00:00,4.0,USD/MWh,constraint,True,[],SYNTHETIC-STRESS-001
NP6-86-CD,shadow_price,SYNTHETIC_CONSTRAINT,2024-07-15 21:00:00+00:00,4.0,USD/MWh,constraint,True,[],SYNTHETIC-STRESS-001
NP6-86-CD,shadow_price,SYNTHETIC_CONSTRAINT,2024-07-15 22:00:00+00:00,4.0,USD/MWh,constraint,True,[],SYNTHETIC-STRESS-001
NP6-86-CD,shadow_price,SYNTHETIC_CONSTRAINT,2024-07-15 23:00:00+00:00,4.0,USD/MWh,constraint,True,[],SYNTHETIC-STRESS-001
NP6-86-CD,shadow_price,SYNTHETIC_CONSTRAINT,2024-07-16 00:00:00+00:00,90.0,USD/MWh,constraint,True,[],SYNTHETIC-STRESS-001
NP6-86-CD,shadow_price,SYNTHETIC_CONSTRAINT,2024-07-16 01:00:00+00:00,4.0,USD/MWh,constraint,True,[],SYNTHETIC-STRESS-001
NP6-86-CD,shadow_price,SYNTHETIC_CONSTRAINT,2024-07-16 02:00:00+00:00,4.0,USD/MWh,constraint,True,[],SYNTHETIC-STRESS-001
NP6-86-CD,shadow_price,SYNTHETIC_CONSTRAINT,2024-07-16 03:00:00+00:00,4.0,USD/MWh,constraint,True,[],SYNTHETIC-STRESS-001
NP6-86-CD,shadow_price,SYNTHETIC_CONSTRAINT,2024-07-16 04:00:00+00:00,4.0,USD/MWh,constraint,True,[],SYNTHETIC-STRESS-001
NP6-86-CD,shadow_price,SYNTHETIC_CONSTRAINT,2024-07-16 05:00:00+00:00,4.0,USD/MWh,constraint,True,[],SYNTHETIC-STRESS-001
NP6-86-CD,shadow_price,SYNTHETIC_CONSTRAINT,2024-07-16 06:00:00+00:00,4.0,USD/MWh,constraint,True,[],SYNTHETIC-STRESS-001
NP6-86-CD,shadow_price,SYNTHETIC_CONSTRAINT,2024-07-16 07:00:00+00:00,4.0,USD/MWh,constraint,True,[],SYNTHETIC-STRESS-001
NP6-86-CD,shadow_price,SYNTHETIC_CONSTRAINT,2024-07-16 08:00:00+00:00,4.0,USD/MWh,constraint,True,[],SYNTHETIC-STRESS-001
NP6-86-CD,shadow_price,SYNTHETIC_CONSTRAINT,2024-07-16 09:00:00+00:00,4.0,USD/MWh,constraint,True,[],SYNTHETIC-STRESS-001
NP6-86-CD,shadow_price,SYNTHETIC_CONSTRAINT,2024-07-16 10:00:00+00:00,4.0,USD/MWh,constraint,True,[],SYNTHETIC-STRESS-001
NP6-86-CD,shadow_price,SYNTHETIC_CONSTRAINT,2024-07-16 11:00:00+00:00,4.0,USD/MWh,constraint,True,[],SYNTHETIC-STRESS-001
NP6-86-CD,shadow_price,SYNTHETIC_CONSTRAINT,2024-07-16 12:00:00+00:00,4.0,USD/MWh,constraint,True,[],SYNTHETIC-STRESS-001
NP6-86-CD,shadow_price,SYNTHETIC_CONSTRAINT,2024-07-16 13:00:00+00:00,4.0,USD/MWh,constraint,True,[],SYNTHETIC-STRESS-001
NP6-86-CD,shadow_price,SYNTHETIC_CONSTRAINT,2024-07-16 14:00:00+00:00,4.0,USD/MWh,constraint,True,[],SYNTHETIC-STRESS-001
NP6-86-CD,shadow_price,SYNTHETIC_CONSTRAINT,2024-07-16 15:00:00+00:00,4.0,USD/MWh,constraint,True,[],SYNTHETIC-STRESS-001
NP6-86-CD,shadow_price,SYNTHETIC_CONSTRAINT,2024-07-16 16:00:00+00:00,4.0,USD/MWh,constraint,True,[],SYNTHETIC-STRESS-001
NP6-86-CD,shadow_price,SYNTHETIC_CONSTRAINT,2024-07-16 17:00:00+00:00,4.0,USD/MWh,constraint,True,[],SYNTHETIC-STRESS-001
NP6-86-CD,shadow_price,SYNTHETIC_CONSTRAINT,2024-07-16 18:00:00+00:00,4.0,USD/MWh,constraint,True,[],SYNTHETIC-STRESS-001
NP6-86-CD,shadow_price,SYNTHETIC_CONSTRAINT,2024-07-16 19:00:00+00:00,4.0,USD/MWh,constraint,True,[],SYNTHETIC-STRESS-001
NP6-86-CD,shadow_price,SYNTHETIC_CONSTRAINT,2024-07-16 20:00:00+00:00,4.0,USD/MWh,constraint,True,[],SYNTHETIC-STRESS-001
NP6-86-CD,shadow_price,SYNTHETIC_CONSTRAINT,2024-07-16 21:00:00+00:00,4.0,USD/MWh,constraint,True,[],SYNTHETIC-STRESS-001
NP6-86-CD,shadow_price,SYNTHETIC_CONSTRAINT,2024-07-16 22:00:00+00:00,4.0,USD/MWh,constraint,True,[],SYNTHETIC-STRESS-001
NP6-86-CD,shadow_price,SYNTHETIC_CONSTRAINT,2024-07-16 23:00:00+00:00,4.0,USD/MWh,constraint,True,[],SYNTHETIC-STRESS-001
NP6-86-CD,shadow_price,SYNTHETIC_CONSTRAINT,2024-07-17 00:00:00+00:00,4.0,USD/MWh,constraint,True,[],SYNTHETIC-STRESS-001
NP6-86-CD,shadow_price,SYNTHETIC_CONSTRAINT,2024-07-17 01:00:00+00:00,4.0,USD/MWh,constraint,True,[],SYNTHETIC-STRESS-001
NP6-86-CD,shadow_price,SYNTHETIC_CONSTRAINT,2024-07-17 02:00:00+00:00,4.0,USD/MWh,constraint,True,[],SYNTHETIC-STRESS-001
NP6-86-CD,shadow_price,SYNTHETIC_CONSTRAINT,2024-07-17 03:00:00+00:00,4.0,USD/MWh,constraint,True,[],SYNTHETIC-STRESS-001
NP6-86-CD,shadow_price,SYNTHETIC_CONSTRAINT,2024-07-17 04:00:00+00:00,4.0,USD/MWh,constraint,True,[],SYNTHETIC-STRESS-001
NP6-86-CD,shadow_price,SYNTHETIC_CONSTRAINT,2024-07-17 05:00:00+00:00,4.0,USD/MWh,constraint,True,[],SYNTHETIC-STRESS-001
